V_name;seq_nt
IGHV1-18*01;caggttcagctggtgcagtctggagctgaggtgaagaagcctggggcctcagtgaaggtctcctgcaaggcttctggttacacctttaccagctatggtatcagctgggtgcgacaggcccctggacaagggcttgagtggatgggatggatcagcgcttacaatggtaacacaaactatgcacagaagctccagggcagagtcaccatgaccacagacacatccacgagcacagcctacatggagctgaggagcctgagatctgacgacacggccgtgtattactgtgcgagaga
IGHV1-18*02;caggttcagctggtgcagtctggagctgaggtgaagaagcctggggcctcagtgaaggtctcctgcaaggcttctggttacacctttaccagctatggtatcagctgggtgcgacaggcccctggacaagggcttgagtggatgggatggatcagcgcttacaatggtaacacaaactatgcacagaagctccagggcagagtcaccatgaccacagacacatccacgagcacagcctacatggagctgaggagcctaagatctgacgacacggcc
IGHV1-18*03;caggttcagctggtgcagtctggagctgaggtgaagaagcctggggcctcagtgaaggtctcctgcaaggcttctggttacacctttaccagctatggtatcagctgggtgcgacaggcccctggacaagggcttgagtggatgggatggatcagcgcttacaatggtaacacaaactatgcacagaagctccagggcagagtcaccatgaccacagacacatccacgagcacagcctacatggagctgaggagcctgagatctgacgacatggccgtgtattactgtgcgagaga
IGHV1-18*04;caggttcagctggtgcagtctggagctgaggtgaagaagcctggggcctcagtgaaggtctcctgcaaggcttctggttacacctttaccagctacggtatcagctgggtgcgacaggcccctggacaagggcttgagtggatgggatggatcagcgcttacaatggtaacacaaactatgcacagaagctccagggcagagtcaccatgaccacagacacatccacgagcacagcctacatggagctgaggagcctgagatctgacgacacggccgtgtattactgtgcgagaga
IGHV1-2*01;caggtgcagctggtgcagtctggggctgaggtgaagaagcctggggcctcagtgaaggtctcctgcaaggcttctggatacaccttcaccggctactatatgcactgggtgcgacaggcccctggacaagggcttgagtggatgggacggatcaaccctaacagtggtggcacaaactatgcacagaagtttcagggcagggtcaccagtaccagggacacgtccatcagcacagcctacatggagctgagcaggctgagatctgacgacacggtcgtgtattactgtgcgagaga
IGHV1-2*02;caggtgcagctggtgcagtctggggctgaggtgaagaagcctggggcctcagtgaaggtctcctgcaaggcttctggatacaccttcaccggctactatatgcactgggtgcgacaggcccctggacaagggcttgagtggatgggatggatcaaccctaacagtggtggcacaaactatgcacagaagtttcagggcagggtcaccatgaccagggacacgtccatcagcacagcctacatggagctgagcaggctgagatctgacgacacggccgtgtattactgtgcgagaga
IGHV1-2*03;caggtgcagctggtgcagtctggggctgaggtgaagaagcttggggcctcagtgaaggtctcctgcaaggcttctggatacaccttcaccggctactatatgcactgggtgcnacaggcccctggacaagggcttgagtggatgggatggatcaaccctaacagtggtggcacaaactatgcacagaagtttcagggcagggtcaccatgaccagggacacgtccatcagcacagcctacatggagctgagcaggctgagatctgacgacacggccgtgtattactgtgcgagaga
IGHV1-2*04;caggtgcagctggtgcagtctggggctgaggtgaagaagcctggggcctcagtgaaggtctcctgcaaggcttctggatacaccttcaccggctactatatgcactgggtgcgacaggcccctggacaagggcttgagtggatgggatggatcaaccctaacagtggtggcacaaactatgcacagaagtttcagggctgggtcaccatgaccagggacacgtccatcagcacagcctacatggagctgagcaggctgagatctgacgacacggccgtgtattactgtgcgagaga
IGHV1-2*05;caggtgcagctggtgcagtctggggctgaggtgaagaagcctggggcctcagtgaaggtctcctgcaaggcttctggatacaccttcaccggctactatatgcactgggtgcgacaggcccctggacaagggcttgagtggatgggacggatcaaccctaacagtggtggcacaaactatgcacagaagtttcagggcagggtcaccatgaccagggacacgtccatcagcacagcctacatggagctgagcaggctgagatctgacgacacggtcgtgtattactgtgcgagaga
IGHV1-2*06;caggtgcagctggtgcagtctggggctgaggtgaagaagcctggggcctcagtgaaggtctcctgcaaggcttctggatacaccttcaccggctactatatgcactgggtgcgacaggcccctggacaagggcttgagtggatgggacggatcaaccctaacagtggtggcacaaactatgcacagaagtttcagggcagggtcaccatgaccagggacacgtccatcagcacagcctacatggagctgagcaggctgagatctgacgacacggccgtgtattactgtgcgagaga
IGHV1-24*01;caggtccagctggtacagtctggggctgaggtgaagaagcctggggcctcagtgaaggtctcctgcaaggtttccggatacaccctcactgaattatccatgcactgggtgcgacaggctcctggaaaagggcttgagtggatgggaggttttgatcctgaagatggtgaaacaatctacgcacagaagttccagggcagagtcaccatgaccgaggacacatctacagacacagcctacatggagctgagcagcctgagatctgaggacacggccgtgtattactgtgcaacaga
IGHV1-3*01;caggtccagcttgtgcagtctggggctgaggtgaagaagcctggggcctcagtgaaggtttcctgcaaggcttctggatacaccttcactagctatgctatgcattgggtgcgccaggcccccggacaaaggcttgagtggatgggatggatcaacgctggcaatggtaacacaaaatattcacagaagttccagggcagagtcaccattaccagggacacatccgcgagcacagcctacatggagctgagcagcctgagatctgaagacacggctgtgtattactgtgcgagaga
IGHV1-3*02;caggttcagctggtgcagtctggggctgaggtgaagaagcctggggcctcagtgaaggtttcctgcaaggcttctggatacaccttcactagctatgctatgcattgggtgcgccaggcccccggacaaaggcttgagtggatgggatggagcaacgctggcaatggtaacacaaaatattcacaggagttccagggcagagtcaccattaccagggacacatccgcgagcacagcctacatggagctgagcagcctgagatctgaggacatggctgtgtattactgtgcgagaga
IGHV1-45*01;cagatgcagctggtgcagtctggggctgaggtgaagaagactgggtcctcagtgaaggtttcctgcaaggcttccggatacaccttcacctaccgctacctgcactgggtgcgacaggcccccggacaagcgcttgagtggatgggatggatcacacctttcaatggtaacaccaactacgcacagaaattccaggacagagtcaccattactagggacaggtctatgagcacagcctacatggagctgagcagcctgagatctgaggacacagccatgtattactgtgcaagana
IGHV1-45*02;cagatgcagctggtgcagtctggggctgaggtgaagaagactgggtcctcagtgaaggtttcctgcaaggcttccggatacaccttcacctaccgctacctgcactgggtgcgacaggcccccggacaagcgcttgagtggatgggatggatcacacctttcaatggtaacaccaactacgcacagaaattccaggacagagtcaccattaccagggacaggtctatgagcacagcctacatggagctgagcagcctgagatctgaggacacagccatgtattactgtgcaagata
IGHV1-45*03;cagatgcagctggtgcagtctggggctgaggtgaagaagactgggtcctcagtgaaggtttcctgcaaggcttccggatacaccttcacctaccgctacctgcactgggtgcgacaggcccccagacaagcgcttgagtggatgggatggatcacacctttcaatggtaacaccaactacgcacagaaattccaggacagagtcaccattaccagggacaggtctatgagcacagcctacatggagctgagcagcctgagatctgaggacacagccatgtattactgtgcaagata
IGHV1-46*01;caggtgcagctggtgcagtctggggctgaggtgaagaagcctggggcctcagtgaaggtttcctgcaaggcatctggatacaccttcaccagctactatatgcactgggtgcgacaggcccctggacaagggcttgagtggatgggaataatcaaccctagtggtggtagcacaagctacgcacagaagttccagggcagagtcaccatgaccagggacacgtccacgagcacagtctacatggagctgagcagcctgagatctgaggacacggccgtgtattactgtgcgagaga
IGHV1-46*02;caggtgcagctggtgcagtctggggctgaggtgaagaagcctggggcctcagtgaaggtttcctgcaaggcatctggatacaccttcaacagctactatatgcactgggtgcgacaggcccctggacaagggcttgagtggatgggaataatcaaccctagtggtggtagcacaagctacgcacagaagttccagggcagagtcaccatgaccagggacacgtccacgagcacagtctacatggagctgagcagcctgagatctgaggacacggccgtgtattactgtgcgagaga
IGHV1-46*03;caggtgcagctggtgcagtctggggctgaggtgaagaagcctggggcctcagtgaaggtttcctgcaaggcatctggatacaccttcaccagctactatatgcactgggtgcgacaggcccctggacaagggcttgagtggatgggaataatcaaccctagtggtggtagcacaagctacgcacagaagttccagggcagagtcaccatgaccagggacacgtccacgagcacagtctacatggagctgagcagcctgagatctgaggacacggccgtgtattactgtgctagaga
IGHV1-58*01;caaatgcagctggtgcagtctgggcctgaggtgaagaagcctgggacctcagtgaaggtctcctgcaaggcttctggattcacctttactagctctgctgtgcagtgggtgcgacaggctcgtggacaacgccttgagtggataggatggatcgtcgttggcagtggtaacacaaactacgcacagaagttccaggaaagagtcaccattaccagggacatgtccacaagcacagcctacatggagctgagcagcctgagatccgaggacacggccgtgtattactgtgcggcaga
IGHV1-58*02;caaatgcagctggtgcagtctgggcctgaggtgaagaagcctgggacctcagtgaaggtctcctgcaaggcttctggattcacctttactagctctgctatgcagtgggtgcgacaggctcgtggacaacgccttgagtggataggatggatcgtcgttggcagtggtaacacaaactacgcacagaagttccaggaaagagtcaccattaccagggacatgtccacaagcacagcctacatggagctgagcagcctgagatccgaggacacggccgtgtattactgtgcggcaga
IGHV1-69*01;caggtgcagctggtgcagtctggggctgaggtgaagaagcctgggtcctcggtgaaggtctcctgcaaggcttctggaggcaccttcagcagctatgctatcagctgggtgcgacaggcccctggacaagggcttgagtggatgggagggatcatccctatctttggtacagcaaactacgcacagaagttccagggcagagtcacgattaccgcggacgaatccacgagcacagcctacatggagctgagcagcctgagatctgaggacacggccgtgtattactgtgcgagaga
IGHV1-69*02;caggtccagctggtgcaatctggggctgaggtgaagaagcctgggtcctcggtgaaggtctcctgcaaggcttctggaggcaccttcagcagctatactatcagctgggtgcgacaggcccctggacaagggcttgagtggatgggaaggatcatccctatccttggtatagcaaactacgcacagaagttccagggcagagtcacgattaccgcggacaaatccacgagcacagcctacatggagctgagcagcctgagatctgaggacacggccgtgtattactgtgcgaga
IGHV1-69*03;caggtgcagctggtgcagtctggggctgaggtgaagaagcctgggtcctcggtgaaggtctcctgcaaggcttctggaggcaccttcagcagctatgctatcagctgggtgcgacaggcccctggacaagggcttgagtggatgggagggatcatccctatctttggtacagcaaactacgcacagaagttccagggcagagtcacgattaccgcggacgaatccacgagcacagcctacatggagctgagcagcctgagatctgatgacacggc
IGHV1-69*04;caggtccagctggtgcagtctggggctgaggtgaagaagcctgggtcctcggtgaaggtctcctgcaaggcttctggaggcaccttcagcagctatgctatcagctgggtgcgacaggcccctggacaagggcttgagtggatgggaaggatcatccctatccttggtatagcaaactacgcacagaagttccagggcagagtcacgattaccgcggacaaatccacgagcacagcctacatggagctgagcagcctgagatctgaggacacggccgtgtattactgtgcgagaga
IGHV1-69*05;caggtccagctggtgcagtctggggctgaggtgaagaagcctgggtcctcggtgaaggtctcctgcaaggcttctggaggcaccttcagcagctatgctatcagctgggtgcgacaggcccctggacaagggcttgagtggatgggagggatcatccctatctttggtacagcaaactacgcacagaagttccagggcagagtcacgattaccacggacgaatccacgagcacagcctacatggagctgagcagcctgagatctgaggacacggccgtgtattactgtgcgaga
IGHV1-69*06;caggtgcagctggtgcagtctggggctgaggtgaagaagcctgggtcctcggtgaaggtctcctgcaaggcttctggaggcaccttcagcagctatgctatcagctgggtgcgacaggcccctggacaagggcttgagtggatgggagggatcatccctatctttggtacagcaaactacgcacagaagttccagggcagagtcacgattaccgcggacaaatccacgagcacagcctacatggagctgagcagcctgagatctgaggacacggccgtgtattactgtgcgagaga
IGHV1-69*07;agaagcctgggtcctcggtgaaggtctcctgcaaggcttctggaggcaccttcagcagctatgctatcagctgggtgcgacaggcccctggacaagggcttgagtggatgggaaggatcatccctatctttggtacagcaaactacgcacagaagttccagggcagagtcacgattaccgcggacgaatccacgagcacagcctacatggagctgagcagcctgagatctgag
IGHV1-69*08;caggtccagctggtgcaatctggggctgaggtgaagaagcctgggtcctcggtgaaggtctcctgcaaggcttctggaggcaccttcagcagctatactatcagctgggtgcgacaggcccctggacaagggcttgagtggatgggaaggatcatccctatccttggtacagcaaactacgcacagaagttccagggcagagtcacgattaccgcggacaaatccacgagcacagcctacatggagctgagcagcctgagatctgaggacacggccgtgtattactgtgcgagaga
IGHV1-69*09;caggtgcagctggtgcagtctggggctgaggtgaagaagcctgggtcctcggtgaaggtctcctgcaaggcttctggaggcaccttcagcagctatgctatcagctgggtgcgacaggcccctggacaagggcttgagtggatgggaaggatcatccctatccttggtatagcaaactacgcacagaagttccagggcagagtcacgattaccgcggacaaatccacgagcacagcctacatggagctgagcagcctgagatctgaggacacggccgtgtattactgtgcgagaga
IGHV1-69*10;caggtccagctggtgcagtctggggctgaggtgaagaagcctgggtcctcagtgaaggtctcctgcaaggcttctggaggcaccttcagcagctatgctatcagctgggtgcgacaggcccctggacaagggcttgagtggatgggagggatcatccctatccttggtatagcaaactacgcacagaagttccagggcagagtcacgattaccgcggacaaatccacgagcacagcctacatggagctgagcagcctgagatctgaggacacggccgtgtattactgtgcgagaga
IGHV1-69*11;caggtccagctggtgcagtctggggctgaggtgaagaagcctgggtcctcggtgaaggtctcctgcaaggcttctggaggcaccttcagcagctatgctatcagctgggtgcgacaggcccctggacaagggcttgagtggatgggaaggatcatccctatccttggtacagcaaactacgcacagaagttccagggcagagtcacgattaccgcggacgaatccacgagcacagcctacatggagctgagcagcctgagatctgaggacacggccgtgtattactgtgcgagaga
IGHV1-69*12;caggtccagctggtgcagtctggggctgaggtgaagaagcctgggtcctcggtgaaggtctcctgcaaggcttctggaggcaccttcagcagctatgctatcagctgggtgcgacaggcccctggacaagggcttgagtggatgggagggatcatccctatctttggtacagcaaactacgcacagaagttccagggcagagtcacgattaccgcggacgaatccacgagcacagcctacatggagctgagcagcctgagatctgaggacacggccgtgtattactgtgcgagaga
IGHV1-69*13;caggtccagctggtgcagtctggggctgaggtgaagaagcctgggtcctcagtgaaggtctcctgcaaggcttctggaggcaccttcagcagctatgctatcagctgggtgcgacaggcccctggacaagggcttgagtggatgggagggatcatccctatctttggtacagcaaactacgcacagaagttccagggcagagtcacgattaccgcggacgaatccacgagcacagcctacatggagctgagcagcctgagatctgaggacacggccgtgtattactgtgcgagaga
IGHV1-69*14;caggtccagctggtgcagtctggggctgaggtgaagaagcctgggtcctcggtgaaggtctcctgcaaggcttctggaggcaccttcagcagctatgctatcagctgggtgcgacaggcccctggacaagggcttgagtggatgggagggatcatccctatctttggtacagcaaactacgcacagaagttccagggcagagtcacgattaccgcggacaaatccacgagcacagcctacatggagctgagcagcctgagatctgaggacacggccgtgtattactgtgcgagaga
IGHV1-69*15;caggtccagctggtgcagtctggggctgaggtgaagaagcctgggtcctcggtgaaggtctcctgcaaggcttctggaggcaccttcagcagctatgctatcagctgggtgcgacaggcccctggacaagggcttgagtggatgggaaggatcatccctatctttggtacagcaaactacgcacagaagttccagggcagagtcacgattaccgcggacgaatccacgagcacagcctacatggagctgagcagcctgagatctgaggacacggccgtgtattactgtgcgagaga
IGHV1-69*16;caggtccagctggtgcagtctggggctgaggtgaagaagcctgggtcctcggtgaaggtctcctgcaaggcttctggaggcaccttcagcagctatactatcagctgggtgcgacaggcccctggacaagggcttgagtggatgggagggatcatccctatccttggtacagcaaactacgcacagaagttccagggcagagtcacgattaccacggacgaatccacgagcacagcctacatggagctgagcagcctgagatctgaggacacggccgtgtattactgtgcgagaga
IGHV1-69*17;caggtgcagctggtgcagtctggggctgaggtgaagaagcctgggtcctcggtgaaggtctcctgcaaggcttctggaggcaccttcagcagctatgctatcagctgggtgcgacaggcccctggacaagggcttgagtggatgggagggatcatccctatctttggtatagcaaactacgcacagaagttccagggcagagtcacgattaccgcggacaaatccacgagcacagcctacatggagctgagcagcctgagatctgaggacacggccgtgtattactgtgcgagaga
IGHV1-69-2*01;gaggtccagctggtacagtctggggctgaggtgaagaagcctggggctacagtgaaaatctcctgcaaggtttctggatacaccttcaccgactactacatgcactgggtgcaacaggcccctggaaaagggcttgagtggatgggacttgttgatcctgaagatggtgaaacaatatacgcagagaagttccagggcagagtcaccataaccgcggacacgtctacagacacagcctacatggagctgagcagcctgagatctgaggacacggccgtgtattactgtgcaacaga
IGHV1-69-2*02;agaagcctggggctacagtgaaaatctcctgcaaggtttctggatacaccttcaccgactactacatgcactgggtgcaacaggcccctggaaaagggcttgagtggatgggacttgttgatcctgaagatggtgaaacaatatatgcagagaagttccagggcagagtcaccataaccgcggacacgtctacagacacagcctacatggagctgagcagcctgagatctgag
IGHV1-69D*01;caggtgcagctggtgcagtctggggctgaggtgaagaagcctgggtcctcggtgaaggtctcctgcaaggcttctggaggcaccttcagcagctatgctatcagctgggtgcgacaggcccctggacaagggcttgagtggatgggagggatcatccctatctttggtacagcaaactacgcacagaagttccagggcagagtcacgattaccgcggacgaatccacgagcacagcctacatggagctgagcagcctgagatctgaggacacggccgtgtattactgtgcgagaga
IGHV1-8*01;caggtgcagctggtgcagtctggggctgaggtgaagaagcctggggcctcagtgaaggtctcctgcaaggcttctggatacaccttcaccagttatgatatcaactgggtgcgacaggccactggacaagggcttgagtggatgggatggatgaaccctaacagtggtaacacaggctatgcacagaagttccagggcagagtcaccatgaccaggaacacctccataagcacagcctacatggagctgagcagcctgagatctgaggacacggccgtgtattactgtgcgagagg
IGHV1-8*02;caggtgcagctggtgcagtctggggctgaggtgaagaagcctggggcctcagtgaaggtctcctgcaaggcttctggatacaccttcaccagctatgatatcaactgggtgcgacaggccactggacaagggcttgagtggatgggatggatgaaccctaacagtggtaacacaggctatgcacagaagttccagggcagagtcaccatgaccaggaacacctccataagcacagcctacatggagctgagcagcctgagatctgaggacacggccgtgtattactgtgcgagagg
IGHV1-8*03;caggtgcagctggtgcagtctggggctgaggtgaagaagcctggggcctcagtgaaggtctcctgcaaggcttctggatacaccttcaccagctatgatatcaactgggtgcgacaggccactggacaagggcttgagtggatgggatggatgaaccctaacagtggtaacacaggctatgcacagaagttccagggcagagtcaccattaccaggaacacctccataagcacagcctacatggagctgagcagcctgagatctgaggacacggccgtgtattactgtgcgagagg
IGHV2-26*01;caggtcaccttgaaggagtctggtcctgtgctggtgaaacccacagagaccctcacgctgacctgcaccgtctctgggttctcactcagcaatgctagaatgggtgtgagctggatccgtcagcccccagggaaggccctggagtggcttgcacacattttttcgaatgacgaaaaatcctacagcacatctctgaagagcaggctcaccatctccaaggacacctccaaaagccaggtggtccttaccatgaccaacatggaccctgtggacacagccacatattactgtgcacggatac
IGHV2-26*02;caggtcaccttgaaggagtctggtcctgtgctggtgaaacccacagagaccctcacgctgacctgcaccgtctctgggttctcactcagcaatgctagaatgggtgtgagctggatccgtcagcccccagggaaggccctggagtggcttgcacacattttttcgaatgacgaaaaatcctacagcacatctctgaagagcaggctcaccatctccaaggacacctccaaaagccaggtggtccttaccatgaccaatatggaccctgtggacacagccacatattactgtgcacggatac
IGHV2-26*03;caggtcaccttgaaggagtctggtcctgtgctggtgaaacccacagagaccctcacgctgacctgcaccatctctgggttctcactcagcaatgctagaatgggtgtgagctggatccgtcagcccccagggaaggccctggagtggcttgcacacattttttcgaatgacgaaaaatcctacagcacatctctgaagagcaggctcaccatctccaaggacacctccaaaagccaggtggtccttaccatgaccaacatggaccctgtggacacagccacatattactgtgcacggatac
IGHV2-5*01;cagatcaccttgaaggagtctggtcctacgctggtgaaacccacacagaccctcacgctgacctgcaccttctctgggttctcactcagcactagtggagtgggtgtgggctggatccgtcagcccccaggaaaggccctggagtggcttgcactcatttattggaatgatgataagcgctacagcccatctctgaagagcaggctcaccatcaccaaggacacctccaaaaaccaggtggtccttacaatgaccaacatggaccctgtggacacagccacatattactgtgcacacagac
IGHV2-5*02;cagatcaccttgaaggagtctggtcctacgctggtgaaacccacacagaccctcacgctgacctgcaccttctctgggttctcactcagcactagtggagtgggtgtgggctggatccgtcagcccccaggaaaggccctggagtggcttgcactcatttattgggatgatgataagcgctacagcccatctctgaagagcaggctcaccatcaccaaggacacctccaaaaaccaggtggtccttacaatgaccaacatggaccctgtggacacagccacatattactgtgcacacagac
IGHV2-5*03;gctggtgaaacccacacagaccctcacgctgacctgcaccttctctgggttctcactcagcactagtggagtgggtgtgggctggatccgtcagcccccaggaaaggccctggagtggcttgcactcatttattgggatgatgataagcgctacagcccatctctgaagagcaggctcaccattaccaaggacacctccaaaaaccaggt
IGHV2-5*04;cagatcaccttgaaggagtctggtcctacgctggtgaaacccacacagaccctcacgctgacctgcaccttctctgggttctcactcagcactagtggagtgggtgtgggctggatccgtcagcccccaggaaaggccctggagtggcttgcactcatttattggaatgatgataagcgctacagcccatctctgaagagcaggctcaccatcaccaaggacacctccaaaaaccaggtggtccttacaatgaccaacatggaccctgtggacacaggcacatattactgtgtac
IGHV2-5*05;cagatcaccttgaaggagtctggtcctacgctggtgaaacccacacagaccctcacgctgacctgcaccttctctgggttctcactcagcactagtggagtgggtgtgggctggatccgtcagcccccaggaaaggccctggagtggcttgcactcatttattgggatgatgataagcgctacggcccatctctgaagagcaggctcaccatcaccaaggacacctccaaaaaccaggtggtccttacaatgaccaacatggaccctgtggacacagccacatattactgtgcacacagac
IGHV2-5*06;cagatcaccttgaaggagtctggtcctacgctggtaaaacccacacagaccctcacgctgacctgcaccttctctgggttctcactcagcactagtggagtgggtgtgggctggatccgtcagcccccaggaaaggccctggagtggcttgcactcatttattgggatgatgataagcgctacggcccatctctgaagagcaggctcaccatcaccaaggacacctccaaaaaccaggtggtccttacaatgaccaacatggaccctgtggacacagccacatattactgtgcacacaga
IGHV2-5*08;caggtcaccttgaaggagtctggtcctgcgctggtgaaacccacacagaccctcacactgacctgcaccttctctgggttctcactcagcactagtggaatgcgtgtgagctggatccgtcagcccccaggaaaggccctggagtggcttgcactcatttattgggatgatgataagcgctacagcccatctctgaagagcaggctcaccatcaccaaggacacctccaaaaaccaggtggtccttacaatgaccaacatggaccctgtggacacagccacatattactgtgcacacagac
IGHV2-5*09;caggtcaccttgaaggagtctggtcctacgctggtgaaacccacacagaccctcacgctgacctgcaccttctctgggttctcactcagcactagtggagtgggtgtgggctggatccgtcagcccccaggaaaggccctggagtggcttgcactcatttattgggatgatgataagcgctacggcccatctctgaagagcaggctcaccatcaccaaggacacctccaaaaaccaggtggtccttacaatgaccaacatggaccctgtggacacagccacatattactgtgcacacagac
IGHV2-70*01;caggtcaccttgagggagtctggtcctgcgctggtgaaacccacacagaccctcacactgacctgcaccttctctgggttctcactcagcactagtggaatgtgtgtgagctggatccgtcagcccccagggaaggccctggagtggcttgcactcattgattgggatgatgataaatactacagcacatctctgaagaccaggctcaccatctccaaggacacctccaaaaaccaggtggtccttacaatgaccaacatggaccctgtggacacagccacgtattactgtgcacggatac
IGHV2-70*02;caggtcaccttgagggagtctggtcctgcgctggtgaaacccacacagaccctcacactgacctgcaccttctctgggttctcactcagcactagtggaatgtgtgtgagctggatccgtcagcccccagggaaggccctggagtggcttgcactcattgattgggatgatgataaatactacagcacatctctgaagaccaggctcaccatctccaaggacacctccaaaaaccaggtggtccttacaatgaccaacatggaccctgtggacacggccgtgtattactg
IGHV2-70*03;caggtcaccttgaaggagtctggtcctgcgctggtgaaacccacacagaccctcacactgacctgcaccttctctgggttctcactcagcactagtggaatgcgtgtgagctggatccgtcagcccccagggaaggccctggagtggcttgcacgcattgattgggatgatgataaattctacagcacatctctgaagaccaggctcaccatctccaaggacacctccaaaaaccaggtggtccttacaatgaccaacatggaccctgtggacacggccgtgtattactg
IGHV2-70*04;caggtcaccttgaaggagtctggtcctgcgctggtgaaacccacacagaccctcacactgacctgcaccttctctgggttctcactcagcactagtggaatgcgtgtgagctggatccgtcagcccccagggaaggccctggagtggcttgcacgcattgattgggatgatgataaattctacagcacatctctgaagaccaggctcaccatctccaaggacacctccaaaaaccaggtggtccttacaatgaccaacatggaccctgtggacacagccacgtattactgtgcacggatac
IGHV2-70*05;tgcgctggtgaaacccacacagaccctcacactgacctgcaccttctctgggttctcactcagcactagtggaatgcgtgcgagctggatccgtcagcccccagggaaggccctggagtggcttgcacgcattgattgggatgatgataaattctacagcacatctctgaagaccaggctcaccatctccaaggacacctccaaaaaccaggtggtccttacaatgaccaacatgga
IGHV2-70*06;caggtcaccttgaaggagtctggtcctgcgctggtgaaacccacacagaccctcacactgacctgcaccttctctgggttctcactcagcactagtggaatgcgtgtgagctggatccgtcagcccccagggaaggccctggagtggcttgcacgcattgattgggatgatgataaattctacagcacatccctgaagaccaggctcaccatctccaaggacacctccaaaaaccaggtggtccttacaatgaccaacatggaccctgtggacacggccgtgtattactg
IGHV2-70*07;caggtcaccttgagggagtctggtcctgcgctggtgaaacccacacagaccctcacactgacctgcaccttctctgggttctcactcagcactagtggaatgtgtgtgagctggatccgtcagcccccggggaaggccctggagtggcttgcactcattgattgggatgatgataaatactacagcacatctctgaagaccaggctcaccatctccaaggacacctccaaaaaccaggtggtccttacaatgaccaacatggaccctgtggacacggccgtgtattactg
IGHV2-70*08;caggtcaccttgagggagtctggtcctgcgctggtgaaacccacacagaccctcacactgacctgcgccttctctgggttctcactcagcactagtggaatgtgtgtgagctggatccgtcagcccccagggaaggccctggagtggcttgcacgcattgattgggatgatgataaatactacagcacatctctgaagaccaggctcaccatctccaaggacacctccaaaaaccaggtggtccttacaatgaccaacatggaccctgtggacacggccgtgtattactg
IGHV2-70*10;caggtcaccttgaaggagtctggtcctgcgctggtgaaacccacacagaccctcacactgacctgcaccttctctgggttctcactcagcactagtggaatgcgtgtgagctggatccgtcagcccccagggaaggccctggagtggattgcacgcattgattgggatgatgataaatactacagcacatctctgaagaccaggctcaccatctccaaggacacctccaaaaaccaggtggtccttacaatgaccaacatggaccctgtggacacagccacgtattactgtgcacggatac
IGHV2-70*11;cgggtcaccttgagggagtctggtcctgcgctggtgaaacccacacagaccctcacactgacctgcaccttctctgggttctcactcagcactagtggaatgtgtgtgagctggatccgtcagcccccagggaaggccctggagtggcttgcacgcattgattgggatgatgataaatactacagcacatctctgaagaccaggctcaccatctccaaggacacctccaaaaaccaggtggtccttacaatgaccaacatggaccctgtggacacagccacgtattactgtgcacggatac
IGHV2-70*12;cagatcaccttgaaggagtctggtcctacgctggtgaaacccacacagaccctcacgctgacctgcaccttctctgggttctcactcagcactagtggaatgtgtgtgagctggatccgtcagcccccagggaaggccctggagtggcttgcactcattgattgggatgatgataaatactacagcacatctctgaagaccaggctcaccatctccaaggacacctccaaaaaccaggtggtccttacaatgaccaacatggaccctgtggacacagccacatattactgtgcacacagac
IGHV2-70*13;caggtcaccttgagggagtctggtcctgcgctggtgaaacccacacagaccctcacactgacctgcaccttctctgggttctcactcagcactagtggaatgtgtgtgagctggatccgtcagcccccagggaaggccctggagtggcttgcactcattgattgggatgatgataaatactacagcacatctctgaagaccaggctcaccatctccaaggacacctccaaaaaccaggtggtccttacaatgaccaacatggaccctgtggacacagccacgtattattgtgcacggatac
IGHV2-70*15;caggtcaccttgagggagtctggtcctgcgctggtgaaacccacacagaccctcacactgacctgcaccttctctgggttctcactcagcactagtggaatgtgtgtgagctggatccgtcagcccccagggaaggccctggagtggcttgcacgcattgattgggatgatgataaatactacagcacatctctgaagaccaggctcaccatctccaaggacacctccaaaaaccaggtggtccttacaatgaccaacatggaccctgtggacacagccacgtattactgtgcacggatac
IGHV2-70*16;caggtcaccttgaaggagtctggtcctgtgctggtgaaacccacacagaccctcacactgacctgcaccttctctgggttctcactcagcactagtggaatgtgtgtgagctggatccgtcagcccccagggaaggccctggagtggcttgcacgcattgattgggatgatgataaattctacagcacatctctgaagaccaggctcaccatctccaaggacacctccaaaaaccaggtggtccttacaatgaccaacatggaccctgtggacacagccacgtattactgtgcacggatac
IGHV2-70*17;caggtcaccttgagggagtctggtcctgcgctggtgaaacccacacagaccctcacactgacctgcaccttctctgggttctcactcagcactagtggaatgtgtgtgagctggatccgtcagcccccagggaaggccctggagtggcttgcacgcattgattgggatgatgataaattctacagcacatctctgaagaccaggctcaccatctccaaggacacctccaaaaaccaggtggtccttacaatgaccaacatggaccctgtggacacagccacgtattactgtgcacggatac
IGHV2-70D*04;caggtcaccttgaaggagtctggtcctgcgctggtgaaacccacacagaccctcacactgacctgcaccttctctgggttctcactcagcactagtggaatgcgtgtgagctggatccgtcagcccccagggaaggccctggagtggcttgcacgcattgattgggatgatgataaattctacagcacatctctgaagaccaggctcaccatctccaaggacacctccaaaaaccaggtggtccttacaatgaccaacatggaccctgtggacacagccacgtattactgtgcacggatac
IGHV2-70D*14;caggtcaccttgaaggagtctggtcctgcgctggtgaaacccacacagaccctcacactgacctgcaccttctctgggttctcactcagcactagtggaatgcgtgtgagctggatccgtcagcccccaggtaaggccctggagtggcttgcacgcattgattgggatgatgataaattctacagcacatctctgaagaccaggctcaccatctccaaggacacctccaaaaaccaggtggtccttacaatgaccaacatggaccctgtggacacagccacgtattactgtgcacggatac
IGHV3-11*01;caggtgcagctggtggagtctgggggaggcttggtcaagcctggagggtccctgagactctcctgtgcagcctctggattcaccttcagtgactactacatgagctggatccgccaggctccagggaaggggctggagtgggtttcatacattagtagtagtggtagtaccatatactacgcagactctgtgaagggccgattcaccatctccagggacaacgccaagaactcactgtatctgcaaatgaacagcctgagagccgaggacacggccgtgtattactgtgcgagaga
IGHV3-11*03;caggtgcagctgttggagtctgggggaggcttggtcaagcctggagggtccctgagactctcctgtgcagcctctggattcaccttcagtgactactacatgagctggatccgccaggctccagggaaggggctggagtgggtttcatacattagtagtagtagtagttacacaaactacgcagactctgtgaagggccgattcaccatctccagagacaacgccaagaactcactgtatctgcaaatgaacagcctgagagccgaggacacggccgtgtattactgtgcgaga
IGHV3-11*04;caggtgcagctggtggagtctgggggaggcttggtcaagcctggagggtccctgagactctcctgtgcagcctctggattcaccttcagtgactactacatgagctggatccgccaggctccagggaaggggctggagtgggtttcatacattagtagtagtggtagtaccatatactacgcagactctgtgaagggccgattcaccatctccagggacaacgccaagaactcactgtatctgcaaatgaacagcctgagagccgaggacacggctgtgtattactgtgcgagaga
IGHV3-11*05;caggtgcagctggtggagtctgggggaggcttggtcaagcctggagggtccctgagactctcctgtgcagcctctggattcaccttcagtgactactacatgagctggatccgccaggctccagggaaggggctggagtgggtttcatacattagtagtagtagtagttacacaaactacgcagactctgtgaagggccgattcaccatctccagagacaacgccaagaactcactgtatctgcaaatgaacagcctgagagccgaggacacggccgtgtattactgtgcgagaga
IGHV3-11*06;caggtgcagctggtggagtctgggggaggcttggtcaagcctggagggtccctgagactctcctgtgcagcctctggattcaccttcagtgactactacatgagctggatccgccaggctccagggaaggggctggagtgggtttcatacattagtagtagtagtagttacacaaactacgcagactctgtgaagggccgattcaccatctccagagacaacgccaagaactcactgtatctgcaaatgaacagcctgagagccgaggacacggctgtgtattactgtgcgagaga
IGHV3-13*01;gaggtgcagctggtggagtctgggggaggcttggtacagcctggggggtccctgagactctcctgtgcagcctctggattcaccttcagtagctacgacatgcactgggtccgccaagctacaggaaaaggtctggagtgggtctcagctattggtactgctggtgacacatactatccaggctccgtgaagggccgattcaccatctccagagaaaatgccaagaactccttgtatcttcaaatgaacagcctgagagccggggacacggctgtgtattactgtgcaagaga
IGHV3-13*02;gaggtgcatctggtggagtctgggggaggcttggtacagcctgggggggccctgagactctcctgtgcagcctctggattcaccttcagtaactacgacatgcactgggtccgccaagctacaggaaaaggtctggagtgggtctcagccaatggtactgctggtgacacatactatccaggctccgtgaaggggcgattcaccatctccagagaaaatgccaagaactccttgtatcttcaaatgaacagcctgagagccggggacacggctgtgtattactgtgcaagaga
IGHV3-13*03;gaggtgcagctggtggagtctgggggaggcttggtacagcctggggggtccctgagactctcctgtgcagcctgtggattcaccttcagtagctacgacatgcactgggtccgccaagctacaggaaaaggtctggagtgggtctcagctattggtactgctggtgacacatactatccaggctccgtgaagggccaattcaccatctccagagaaaatgccaagaactccttgtatcttcaaatgaacagcctgagagccggggacacggctgtgtattactgtgcaaga
IGHV3-13*04;gaggtgcagctggtggagtctgggggaggcttggtacagcctggggggtccctgagactctcctgtgcagcctctggattcaccttcagtagctacgacatgcactgggtccgccaagctacaggaaaaggtctggaatgggtctcagctattggtactgctggtgacacatactatccaggctccgtgaagggccgattcaccatctccagagaaaatgccaagaactccttgtatcttcaaatgaacagcctgagagccggggacacggctgtgtattactgtgcaagaga
IGHV3-13*05;gaggtgcagctggtggagtctgggggaggcttggtacagcctggggggtccctgagactctcctgtgcagcctctggattcaccttcagtagctacgacatgcactgggtccgccaagctacaggaaaaggtctggagtgggtctcagctattggtactgctggtgacccatactatccaggctccgtgaagggccgattcaccatctccagagaaaatgccaagaactccttgtatcttcaaatgaacagcctgagagccggggacacggctgtgtattactgtgcaagaga
IGHV3-15*01;gaggtgcagctggtggagtctgggggaggcttggtaaagcctggggggtcccttagactctcctgtgcagcctctggattcactttcagtaacgcctggatgagctgggtccgccaggctccagggaaggggctggagtgggttggccgtattaaaagcaaaactgatggtgggacaacagactacgctgcacccgtgaaaggcagattcaccatctcaagagatgattcaaaaaacacgctgtatctgcaaatgaacagcctgaaaaccgaggacacagccgtgtattactgtaccacaga
IGHV3-15*02;gaggtgcagctggtggagtctgggggagccttggtaaagcctggggggtcccttagactctcctgtgcagcctctggattcactttcagtaacgcctggatgagctgggtccgccaggctccagggaaggggctggagtgggttggccgtattaaaagcaaaactgatggtgggacaacagactacgctgcacccgtgaaaggcagattcaccatctcaagagatgattcaaaaaacacgctgtatctgcaaatgaacagcctgaaaaccgaggacacagccgtgtattactgtaccacaga
IGHV3-15*03;gaggtgcagctggtggagtctgccggagccttggtacagcctggggggtcccttagactctcctgtgcagcctctggattcacttgcagtaacgcctggatgagctgggtccgccaggctccagggaaggggctggagtgggttggccgtattaaaagcaaagctaatggtgggacaacagactacgctgcacctgtgaaaggcagattcaccatctcaagagttgattcaaaaaacacgctgtatctgcaaatgaacagcctgaaaaccgaggacacagccgtgtattactgtaccacaga
IGHV3-15*04;gaggtgcagctggtggagtctgggggaggcttggtaaagcctggggggtcccttagactctcctgtgcagcctctggattcactttcagtaacgcctggatgagctgggtccgccaggctccagggaaggggctggagtgggttggccgtattgaaagcaaaactgatggtgggacaacagactacgctgcacccgtgaaaggcagattcaccatctcaagagatgattcaaaaaacacgctgtatctgcaaatgaacagcctgaaaaccgaggacacagccgtgtattactgtaccacaga
IGHV3-15*05;gaggtgcagctggtggagtctgggggaggcttggtaaagcctggggggtcccttagactctcctgtgcagcctctggattcactttcagtaacgcctggatgagctgggtccgccaggctccagggaaggggctggagtgggttggccgtattaaaagcaaaactgatggtgggacaacagactacgctgcacccgtgaaaggcagattcaccatctcaagagatgattcaaaaaacacgctgtatctgcaaatgaacagtctgaaaaccgaggacacagccgtgtattactgtaccacaga
IGHV3-15*06;gaggtgcagctggtggagtctgggggaggcttggtaaagcctggggggtcccttagactctcctgtgcagcctctggattcactttcagtaacgcctggatgagctgggtccgccaggctccagggaaggggctggagtgggtcggccgtattaaaagcaaaactgatggtgggacaacaaactacgctgcacccgtgaaaggcagattcaccatctcaagagatgattcaaaaaacacgctgtatctgcaaatgaacagcctgaaaaccgaggacacagccgtgtattactgtaccacaga
IGHV3-15*07;gaggtgcagctggtggagtctgggggaggcttggtaaagcctggggggtcccttagactctcctgtgcagcctctggtttcactttcagtaacgcctggatgaactgggtccgccaggctccagggaaggggctggagtgggtcggccgtattaaaagcaaaactgatggtgggacaacagactacgctgcacccgtgaaaggcagattcaccatctcaagagatgattcaaaaaacacgctgtatctgcaaatgaacagcctgaaaaccgaggacacagccgtgtattactgtaccacaga
IGHV3-15*08;gaggtgcagctggtggagtctgcgggaggcttggtacagcctggggggtcccttagactctcctgtgcagcctctggattcacttgcagtaacgcctggatgagctgggtccgccaggctccagggaaggggctggagtgggttggctgtattaaaagcaaagctaatggtgggacaacagactacgctgcacctgtgaaaggcagattcaccatctcaagagatgattcaaaaaacacgctgtatctgcaaatgatcagcctgaaaaccgaggacacggccgtgtattactgtaccacagg
IGHV3-20*01;gaggtgcagctggtggagtctgggggaggtgtggtacggcctggggggtccctgagactctcctgtgcagcctctggattcacctttgatgattatggcatgagctgggtccgccaagctccagggaaggggctggagtgggtctctggtattaattggaatggtggtagcacaggttatgcagactctgtgaagggccgattcaccatctccagagacaacgccaagaactccctgtatctgcaaatgaacagtctgagagccgaggacacggccttgtatcactgtgcgagaga
IGHV3-21*01;gaggtgcagctggtggagtctgggggaggcctggtcaagcctggggggtccctgagactctcctgtgcagcctctggattcaccttcagtagctatagcatgaactgggtccgccaggctccagggaaggggctggagtgggtctcatccattagtagtagtagtagttacatatactacgcagactcagtgaagggccgattcaccatctccagagacaacgccaagaactcactgtatctgcaaatgaacagcctgagagccgaggacacggctgtgtattactgtgcgagaga
IGHV3-21*02;gaggtgcaactggtggagtctgggggaggcctggtcaagcctggggggtccctgagactctcctgtgcagcctctggattcaccttcagtagctatagcatgaactgggtccgccaggctccagggaaggggctggagtgggtctcatccattagtagtagtagtagttacatatactacgcagactcagtgaagggccgattcaccatctccagagacaacgccaagaactcactgtatctgcaaatgaacagcctgagagccgaggacacggctgtgtattactgtgcgagaga
IGHV3-21*03;gaggtgcagctggtggagtctgggggaggcctggtcaagcctggggggtccctgagactctcctgtgcagcctctggattcaccttcagtagctatagcatgaactgggtccgccaggctccagggaaggggctggagtgggtctcatccattagtagtagtagtagttacatatactacgcagactcagtgaagggccgattcaccatctccagagacaacgccaagaactcactgtatctgcaaatgaacagcctgagagccgaggacacagctgtgtattactgtgcgagaga
IGHV3-21*04;gaggtgcagctggtggagtctgggggaggcctggtcaagcctggggggtccctgagactctcctgtgcagcctctggattcaccttcagtagctatagcatgaactgggtccgccaggctccagggaaggggctggagtgggtctcatccattagtagtagtagtagttacatatactacgcagactcagtgaagggccgattcaccatctccagagacaacgccaagaactcactgtatctgcaaatgaacagcctgagagccgaggacacggccgtgtattactgtgcgagaga
IGHV3-23*01;gaggtgcagctgttggagtctgggggaggcttggtacagcctggggggtccctgagactctcctgtgcagcctctggattcacctttagcagctatgccatgagctgggtccgccaggctccagggaaggggctggagtgggtctcagctattagtggtagtggtggtagcacatactacgcagactccgtgaagggccggttcaccatctccagagacaattccaagaacacgctgtatctgcaaatgaacagcctgagagccgaggacacggccgtatattactgtgcgaaaga
IGHV3-23*02;gaggtgcagctgttggagtctgggggaggcttggtacagcctggggggtccctgagactctcctgtgcagcctctggattcacctttagcagctatgccatgagctgggtccgccaggctccagggaaggggctggagtgggtctcagctattagtggtagtggtggtagcacatactacggagactccgtgaagggccggttcaccatctcaagagacaattccaagaacacgctgtatctgcaaatgaacagcctgagagccgaggacacggccgtatattactgtgcgaaaga
IGHV3-23*03;gaggtgcagctgttggagtctgggggaggcttggtacagcctggggggtccctgagactctcctgtgcagcctctggattcacctttagcagctatgccatgagctgggtccgccaggctccagggaaggggctggagtgggtctcagttatttatagcggtggtagtagcacatactatgcagactccgtgaagggccggttcaccatctccagagataattccaagaacacgctgtatctgcaaatgaacagcctgagagccgaggacacggccgtatattactgtgcgaaaga
IGHV3-23*04;gaggtgcagctggtggagtctgggggaggcttggtacagcctggggggtccctgagactctcctgtgcagcctctggattcacctttagcagctatgccatgagctgggtccgccaggctccagggaaggggctggagtgggtctcagctattagtggtagtggtggtagcacatactacgcagactccgtgaagggccggttcaccatctccagagacaattccaagaacacgctgtatctgcaaatgaacagcctgagagccgaggacacggccgtatattactgtgcgaaaga
IGHV3-23*05;gaggtgcagctgttggagtctgggggaggcttggtacagcctggggggtccctgagactctcctgtgcagcctctggattcacctttagcagctatgccatgagctgggtccgccaggctccagggaaggggctggagtgggtctcagctatttatagcagtggtagtagcacatactatgcagactccgtgaagggccggttcaccatctccagagacaattccaagaacacgctgtatctgcaaatgaacagcctgagagccgaggacacggccgtatattactgtgcgaaa
IGHV3-23D*01;gaggtgcagctgttggagtctgggggaggcttggtacagcctggggggtccctgagactctcctgtgcagcctctggattcacctttagcagctatgccatgagctgggtccgccaggctccagggaaggggctggagtgggtctcagctattagtggtagtggtggtagcacatactacgcagactccgtgaagggccggttcaccatctccagagacaattccaagaacacgctgtatctgcaaatgaacagcctgagagccgaggacacggccgtatattactgtgcgaaaga
IGHV3-30*01;caggtgcagctggtggagtctgggggaggcgtggtccagcctgggaggtccctgagactctcctgtgcagcctctggattcaccttcagtagctatgctatgcactgggtccgccaggctccaggcaaggggctagagtgggtggcagttatatcatatgatggaagtaataaatactacgcagactccgtgaagggccgattcaccatctccagagacaattccaagaacacgctgtatctgcaaatgaacagcctgagagctgaggacacggctgtgtattactgtgcgagaga
IGHV3-30*02;caggtgcagctggtggagtctgggggaggcgtggtccagcctggggggtccctgagactctcctgtgcagcgtctggattcaccttcagtagctatggcatgcactgggtccgccaggctccaggcaaggggctggagtgggtggcatttatacggtatgatggaagtaataaatactatgcagactccgtgaagggccgattcaccatctccagagacaattccaagaacacgctgtatctgcaaatgaacagcctgagagctgaggacacggctgtgtattactgtgcgaaaga
IGHV3-30*03;caggtgcagctggtggagtctgggggaggcgtggtccagcctgggaggtccctgagactctcctgtgcagcctctggattcaccttcagtagctatggcatgcactgggtccgccaggctccaggcaaggggctggagtgggtggcagttatatcatatgatggaagtaataaatactatgcagactccgtgaagggccgattcaccatctccagagacaattccaagaacacgctgtatctgcaaatgaacagcctgagagctgaggacacggctgtgtattactgtgcgagaga
IGHV3-30*04;caggtgcagctggtggagtctgggggaggcgtggtccagcctgggaggtccctgagactctcctgtgcagcctctggattcaccttcagtagctatgctatgcactgggtccgccaggctccaggcaaggggctggagtgggtggcagttatatcatatgatggaagtaataaatactacgcagactccgtgaagggccgattcaccatctccagagacaattccaagaacacgctgtatctgcaaatgaacagcctgagagctgaggacacggctgtgtattactgtgcgagaga
IGHV3-30*05;caggtgcagctggtggagtctgggggaggcgtggtccagcctgggaggtccctgagactctcctgtgcagcctctggattcaccttcagtagctatggcatgcactgggtccgccaggctccaggcaaggggctagagtgggtggcagttatatcatatgatggaagtaataaatactacgcagactccgtgaagggccgattcaccatctccagagacaattccaagaacacgctgtatctgcaaatgaacagcctgagagctgagggcacggctgtgtattactgtgcgagaga
IGHV3-30*06;caggtgcagctggtggagtctgggggaggcgtggtccagcctgggaggtccctgagactctcctgtgcagcgtctggattcaccttcagtagctatggcatgcactgggtccgccaggctccaggcaaggggctagagtgggtggcagttatatcatatgatggaagtaataaatactacgcagactccgtgaagggccgattcaccatctccagagacaattccaagaacacgctgtatctgcaaatgaacagcctgagagctgaggacacggctgtgtattactgtgcgagaga
IGHV3-30*07;caggtgcagctggtggagtctgggggaggcgtggtccagcctgggaggtccctgagactctcctgtgcagcctctggattcaccttcagtagctatgctatgcactgggtccgccaggctccaggcaaggggctagagtgggtggcagttatatcatatgatggaagtaataaatactacgcagactccgtgaagggccgattcaccatctccagagacaattccaagaacacgctgtatctgcaaatgaacagcctgagagccgaggacacggctgtgtattactgtgcgagaga
IGHV3-30*08;caggtgcagctggtggactctgggggaggcgtggtccagcctgggaggtccctgagactctcctgtgcagcctctgcattcaccttcagtagctatgctatgcactgggtccgccaggctccaggcaaggggctagagtgggtggcagttatatcatatgatggaagtaataaatactacgcagactccgtgaagggccgattcaccatctccagagacaattccaagaacacgctgtatctgcaaatgaacagcctgagagctgaggacacggctgtgtattactgtgcgaga
IGHV3-30*09;caggtgcagctggtggagtctgggggaggcgtggtccagcctgggaggtccctgagactctcctgtgcagcctctggattcaccttcagtagctatgctatgcactgggtccgccaggctccaggcaaggggctggagtgggtggcagttatatcatatgatggaagtaataaatactacgcagactccgtgaagggccgattcgccatctccagagacaattccaagaacacgctgtatctgcaaatgaacagcctgagagctgaggacacggctgtgtattactgtgcgagaga
IGHV3-30*10;caggtgcagctggtggagtctgggggaggcgtggtccagcctgggaggtccctgagactctcctgtgcagcctctggattcaccttcagtagctatgctatgcactgggtccgccaggctccaggcaaggggctagagtgggtggcagttatatcatatgatggaagtaataaatactacacagactccgtgaagggccgattcaccatctccagagacaattccaagaacacgctgtatctgcaaatgaacagcctgagagctgaggacacggctgtgtattactgtgcgagaga
IGHV3-30*11;caggtgcagctggtggagtctgggggaggcgtggtccagcctgggaggtccctgagactctcctgtgcagcgtctggattcaccttcagtagctatgctatgcactgggtccgccaggctccaggcaaggggctagagtgggtggcagttatatcatatgatggaagtaataaatactacgcagactccgtgaagggccgattcaccatctccagagacaattccaagaacacgctgtatctgcaaatgaacagcctgagagctgaggacacggctgtgtattactgtgcgagaga
IGHV3-30*12;caggtgcagctggtggagtctggggggggcgtggtccagcctgggaggtccctgagactctcctgtgcagcgtctggattcaccttcagtagctatggcatgcactgggtccgccaggctccaggcaaggggctagagtgggtggcagttatatcatatgatggaagtaataaatactacgcagactccgtgaagggccgattcaccatctccagagacaattccaagaacacgctgtatctgcaaatgaacagcctgagagccgaggacacggctgtgtattactgtgcgagaga
IGHV3-30*13;caggtgcagctggtggagtctgggggaggcgtggtccagcctgggaggtccctgagactctcctgtgcagcctctggattcaccttcagtagctatggcatgcactgggtccgccaggctccaggcaaggggctagagtgggtggcagttatatcatatgatggaagtaataaatactacgcagactccgtgaagggccgattcaccatctccagagacaattccaagaacaggctgtatctgcaaatgaacagcctgagagctgaggacacggctgtgtattactgtgcgagaga
IGHV3-30*14;caggtgcagctggtggagtctgggggaggcgtggtccagcctgggaggtccctgagactctcctgtgcagcctctggattcaccttcagtagctatgctatgcactgggtccgccaggctccaggcaaggggctggagtgggtggcagttatatcatatgatggaagtaataaatactacgcagactccgtgaagggccgattcaccatctccagagacaattccaagaacacgctgtatcttcaaatgaacagcctgagagctgaggacacggctgtgtattactgtgcgagaga
IGHV3-30*15;caggtgcagctggtggagtctgggggaggcgtggtccagcctgggaggtccctgagactctcctgtgcagcctctggattcaccttcagtagctatgctatgcactgggtccgccaggctccaggcaaggggctagagtgggtggcagttatatcatatgatggaagtaataaatactacgcagactccgtgaagggccgattcaccatctccagagacaattccaagaacacgctgtatctgcaaatgagcagcctgagagctgaggacacggctgtgtattactgtgcgagaga
IGHV3-30*16;caggtgcagctggtggagtctgggggaggcgtggtccagcctgggaggtccctgagactctcctgtgcagcctctggattcaccttcagtagctatgctatgcactgggtccgccaggccccaggcaaggggctagagtgggtggcagttatatcatatgatggaagtaataaatactacgcagactccgtgaagggccgattcaccatctccagagacaattccaagaacacgctgtatctgcaaatgaacagcctgagagctgaggacacggctgtgtattactgtgcgagaga
IGHV3-30*17;caggtgcagctggtggagtctgggggaggcgtggtccagcctgggaggtccctgagactctcctgtgcagcctctggattcaccttcagtagctatgctatgcactgggtccgccaggctccgggcaaggggctagagtgggtggcagttatatcatatgatggaagtaataaatactacgcagactccgtgaagggccgattcaccatctccagagacaattccaagaacacgctgtatctgcaaatgaacagcctgagagctgaggacacggctgtgtattactgtgcgagaga
IGHV3-30*18;caggtgcagctggtggagtctgggggaggcgtggtccagcctgggaggtccctgagactctcctgtgcagcctctggattcaccttcagtagctatggcatgcactgggtccgccaggctccaggcaaggggctggagtgggtggcagttatatcatatgatggaagtaataaatactatgcagactccgtgaagggccgattcaccatctccagagacaattccaagaacacgctgtatctgcaaatgaacagcctgagagctgaggacacggctgtgtattactgtgcgaaaga
IGHV3-30*19;caggtgcagctggtggagtctgggggaggcgtggtccagcctgggaggtccctgagactctcctgtgcagcgtctggattcaccttcagtagctatggcatgcactgggtccgccaggctccaggcaaggggctggagtgggtggcagttatatcatatgatggaagtaataaatactacgcagactccgtgaagggccgattcaccatctccagagacaattccaagaacacgctgtatctgcaaatgaacagcctgagagctgaggacacggctgtgtattactgtgcgagaga
IGHV3-30-3*01;caggtgcagctggtggagtctgggggaggcgtggtccagcctgggaggtccctgagactctcctgtgcagcctctggattcaccttcagtagctatgctatgcactgggtccgccaggctccaggcaaggggctggagtgggtggcagttatatcatatgatggaagcaataaatactacgcagactccgtgaagggccgattcaccatctccagagacaattccaagaacacgctgtatctgcaaatgaacagcctgagagctgaggacacggctgtgtattactgtgcgagaga
IGHV3-30-3*02;caggtgcagctggtggagtctgggggaggcgtggtccagcctgggaggtccctgagactctcctgtgcagcgtctggattcaccttcagtagctatgctatgcactgggtccgccaggctccaggcaaggggctggagtgggtggcagttatatcatatgatggaagcaataaatactacgcagactccgtgaagggccgattcaccatctccagagacaattccaagaacacgctgtatctgcaaatgaacagcctgagagctgaggacacggctgtgtattactgtgcgaaaga
IGHV3-30-3*03;caggtgcagctggtggagtctgggggaggcgtggtccagcctgggaggtccctgagactctcctgtgcagcctctggattcaccttcagtagctatgctatgcactgggtccgccaggctccaggcaaggggctggagtgggtggcagttatatcatatgatggaagtaataaatactacgcagactccgtgaagggccgattcaccatctccagagacaattccaagaacacgctgtatctgcaaatgaacagcctgagagctgaggacacggctgtgtattactgtgcgagaga
IGHV3-30-5*01;caggtgcagctggtggagtctgggggaggcgtggtccagcctgggaggtccctgagactctcctgtgcagcctctggattcaccttcagtagctatggcatgcactgggtccgccaggctccaggcaaggggctggagtgggtggcagttatatcatatgatggaagtaataaatactatgcagactccgtgaagggccgattcaccatctccagagacaattccaagaacacgctgtatctgcaaatgaacagcctgagagctgaggacacggctgtgtattactgtgcgaaaga
IGHV3-30-5*02;caggtgcagctggtggagtctgggggaggcgtggtccagcctggggggtccctgagactctcctgtgcagcgtctggattcaccttcagtagctatggcatgcactgggtccgccaggctccaggcaaggggctggagtgggtggcatttatacggtatgatggaagtaataaatactatgcagactccgtgaagggccgattcaccatctccagagacaattccaagaacacgctgtatctgcaaatgaacagcctgagagctgaggacacggctgtgtattactgtgcgaaaga
IGHV3-33*01;caggtgcagctggtggagtctgggggaggcgtggtccagcctgggaggtccctgagactctcctgtgcagcgtctggattcaccttcagtagctatggcatgcactgggtccgccaggctccaggcaaggggctggagtgggtggcagttatatggtatgatggaagtaataaatactatgcagactccgtgaagggccgattcaccatctccagagacaattccaagaacacgctgtatctgcaaatgaacagcctgagagccgaggacacggctgtgtattactgtgcgagaga
IGHV3-33*02;caggtacagctggtggagtctgggggaggcgtggtccagcctgggaggtccctgagactctcctgtgcagcgtctggattcaccttcagtagctatggcatgcactgggtccgccaggctccaggcaaggggctggagtgggtggcagttatatggtatgatggaagtaataaatactatgcagactccgcgaagggccgattcaccatctccagagacaattccacgaacacgctgtttctgcaaatgaacagcctgagagccgaggacacggctgtgtattactgtgcgagaga
IGHV3-33*03;caggtgcagctggtggagtctgggggaggcgtggtccagcctgggaggtccctgagactctcctgtgcagcgtctggattcaccttcagtagctatggcatgcactgggtccgccaggctccaggcaaggggctggagtgggtggcagttatatggtatgatggaagtaataaatactatgcagactccgtgaagggccgattcaccatctccagagacaactccaagaacacgctgtatctgcaaatgaacagcctgagagccgaggacacggctgtgtattactgtgcgaaaga
IGHV3-33*04;caggtgcagctggtggagtctgggggaggcgtggtccagcctgggaggtccctgagactctcctgtgcagcgtctggattcaccttcagtagctatggcatgcactgggtccgccaggctccaggcaaggggctagagtgggtggcagttatatggtatgacggaagtaataaatactatgcagactccgtgaagggccgattcaccatctccagagacaattccaagaacacgctgtatctgcaaatgaacagcctgagagccgaggacacggctgtgtattactgtgcgagaga
IGHV3-33*05;caggtgcagctggtggagtctgggggaggcgtggtccagcctgggaggtccctgagactctcctgtgcagcgtctggattcaccttcagtagctatggcatgcactgggtccgccaggctccaggcaaggggctggagtgggtggcagttatatcatatgatggaagtaataaatactatgcagactccgtgaagggccgattcaccatctccagagacaattccaagaacacgctgtatctgcaaatgaacagcctgagagccgaggacacggctgtgtattactgtgcgagaga
IGHV3-33*06;caggtgcagctggtggagtctgggggaggcgtggtccagcctgggaggtccctgagactctcctgtgcagcgtctggattcaccttcagtagctatggcatgcactgggtccgccaggctccaggcaaggggctggagtgggtggcagttatatggtatgatggaagtaataaatactatgcagactccgtgaagggccgattcaccatctccagagacaattccaagaacacgctgtatctgcaaatgaacagcctgagagccgaggacacggctgtgtattactgtgcgaaaga
IGHV3-43*01;gaagtgcagctggtggagtctgggggagtcgtggtacagcctggggggtccctgagactctcctgtgcagcctctggattcacctttgatgattataccatgcactgggtccgtcaagctccggggaagggtctggagtgggtctctcttattagttgggatggtggtagcacatactatgcagactctgtgaagggccgattcaccatctccagagacaacagcaaaaactccctgtatctgcaaatgaacagtctgagaactgaggacaccgccttgtattactgtgcaaaagata
IGHV3-43*02;gaagtgcagctggtggagtctgggggaggcgtggtacagcctggggggtccctgagactctcctgtgcagcctctggattcacctttgatgattatgccatgcactgggtccgtcaagctccagggaagggtctggagtgggtctctcttattagtggggatggtggtagcacatactatgcagactctgtgaagggccgattcaccatctccagagacaacagcaaaaactccctgtatctgcaaatgaacagtctgagaactgaggacaccgccttgtattactgtgcaaaagata
IGHV3-43D*03;gaagtgcagctggtggagtctgggggagtcgtggtacagcctggggggtccctgagactctcctgtgcagcctctggattcacctttgatgattatgccatgcactgggtccgtcaagctccggggaagggtctggagtgggtctctcttattagttgggatggtggtagcacctactatgcagactctgtgaagggtcgattcaccatctccagagacaacagcaaaaactccctgtatctgcaaatgaacagtctgagagctgaggacaccgccttgtattactgtgcaaaagata
IGHV3-43D*04;gaagtgcagctggtggagtctgggggagtcgtggtacagcctggggggtccctgagactctcctgtgcagcctctggattcacctttgatgattatgccatgcactgggtccgtcaagctccggggaagggtctggagtgggtctctcttattagttgggatggtggtagcacatactatgcagactctgtgaagggtcgattcaccatctccagagacaacagcaaaaactccctgtatctgcaaatgaacagtctgagagctgaggacaccgccttgtattactgtgcaaaagata
IGHV3-48*01;gaggtgcagctggtggagtctgggggaggcttggtacagcctggggggtccctgagactctcctgtgcagcctctggattcaccttcagtagctatagcatgaactgggtccgccaggctccagggaaggggctggagtgggtttcatacattagtagtagtagtagtaccatatactacgcagactctgtgaagggccgattcaccatctccagagacaatgccaagaactcactgtatctgcaaatgaacagcctgagagccgaggacacggctgtgtattactgtgcgagaga
IGHV3-48*02;gaggtgcagctggtggagtctgggggaggcttggtacagcctggggggtccctgagactctcctgtgcagcctctggattcaccttcagtagctatagcatgaactgggtccgccaggctccagggaaggggctggagtgggtttcatacattagtagtagtagtagtaccatatactacgcagactctgtgaagggccgattcaccatctccagagacaatgccaagaactcactgtatctgcaaatgaacagcctgagagacgaggacacggctgtgtattactgtgcgagaga
IGHV3-48*03;gaggtgcagctggtggagtctgggggaggcttggtacagcctggagggtccctgagactctcctgtgcagcctctggattcaccttcagtagttatgaaatgaactgggtccgccaggctccagggaaggggctggagtgggtttcatacattagtagtagtggtagtaccatatactacgcagactctgtgaagggccgattcaccatctccagagacaacgccaagaactcactgtatctgcaaatgaacagcctgagagccgaggacacggctgtttattactgtgcgagaga
IGHV3-48*04;gaggtgcagctggtggagtctgggggaggcttggtacagcctggggggtccctgagactctcctgtgcagcctctggattcaccttcagtagctatagcatgaactgggtccgccaggctccagggaaggggctggagtgggtttcatacattagtagtagtagtagtaccatatactacgcagactctgtgaagggccgattcaccatctccagagacaacgccaagaactcactgtatctgcaaatgaacagcctgagagccgaggacacggctgtgtattactgtgcgagaga
IGHV3-49*01;gaggtgcagctggtggagtctgggggaggcttggtacagccagggcggtccctgagactctcctgtacagcttctggattcacctttggtgattatgctatgagctggttccgccaggctccagggaaggggctggagtgggtaggtttcattagaagcaaagcttatggtgggacaacagaatacaccgcgtctgtgaaaggcagattcaccatctcaagagatggttccaaaagcatcgcctatctgcaaatgaacagcctgaaaaccgaggacacagccgtgtattactgtactagaga
IGHV3-49*02;gaggtgcagctggtggagtctgggggaggcttggtacagccagggccgtccctgagactctcctgtacagcttctggattcacctttgggtattatcctatgagctgggtccgccaggctccagggaaggggctggagtgggtaggtttcattagaagcaaagcttatggtgggacaacagaatacgccgcgtctgtgaaaggcagattcaccatctcaagagatgattccaaaagcatcgcctatctgcaaatgaacagcctgaaaaccgaggacacagccgtgtattactgtactagaga
IGHV3-49*03;gaggtgcagctggtggagtctgggggaggcttggtacagccagggcggtccctgagactctcctgtacagcttctggattcacctttggtgattatgctatgagctggttccgccaggctccagggaaggggctggagtgggtaggtttcattagaagcaaagcttatggtgggacaacagaatacgccgcgtctgtgaaaggcagattcaccatctcaagagatgattccaaaagcatcgcctatctgcaaatgaacagcctgaaaaccgaggacacagccgtgtattactgtactagaga
IGHV3-49*04;gaggtgcagctggtggagtctgggggaggcttggtacagccagggcggtccctgagactctcctgtacagcttctggattcacctttggtgattatgctatgagctgggtccgccaggctccagggaaggggctggagtgggtaggtttcattagaagcaaagcttatggtgggacaacagaatacgccgcgtctgtgaaaggcagattcaccatctcaagagatgattccaaaagcatcgcctatctgcaaatgaacagcctgaaaaccgaggacacagccgtgtattactgtactagaga
IGHV3-49*05;gaggtgcagctggtggagtctgggggaggcttggtaaagccagggcggtccctgagactctcctgtacagcttctggattcacctttggtgattatgctatgagctggttccgccaggctccagggaaggggctggagtgggtaggtttcattagaagcaaagcttatggtgggacaacagaatacgccgcgtctgtgaaaggcagattcaccatctcaagagatgattccaaaagcatcgcctatctgcaaatgaacagcctgaaaaccgaggacacagccgtgtattactgtactagaga
IGHV3-53*01;gaggtgcagctggtggagtctggaggaggcttgatccagcctggggggtccctgagactctcctgtgcagcctctgggttcaccgtcagtagcaactacatgagctgggtccgccaggctccagggaaggggctggagtgggtctcagttatttatagcggtggtagcacatactacgcagactccgtgaagggccgattcaccatctccagagacaattccaagaacacgctgtatcttcaaatgaacagcctgagagccgaggacacggccgtgtattactgtgcgagaga
IGHV3-53*02;gaggtgcagctggtggagactggaggaggcttgatccagcctggggggtccctgagactctcctgtgcagcctctgggttcaccgtcagtagcaactacatgagctgggtccgccaggctccagggaaggggctggagtgggtctcagttatttatagcggtggtagcacatactacgcagactccgtgaagggccgattcaccatctccagagacaattccaagaacacgctgtatcttcaaatgaacagcctgagagccgaggacacggccgtgtattactgtgcgagaga
IGHV3-53*03;gaggtgcagctggtggagtctggaggaggcttgatccagcctggggggtccctgagactctcctgtgcagcctctgggttcaccgtcagtagcaactacatgagctgggtccgccagcctccagggaaggggctggagtgggtctcagttatttatagcggtggtagcacatactacgcagactctgtgaagggccgattcaccatctccagagacaattccaagaacacgctgtatcttcaaatgaacagcctgagagccgaggacacggccgtgtattactgtgctaggga
IGHV3-53*04;gaggtgcagctggtggagtctggaggaggcttggtccagcctggggggtccctgagactctcctgtgcagcctctgggttcaccgtcagtagcaactacatgagctgggtccgccaggctccagggaaggggctggagtgggtctcagttatttatagcggtggtagcacatactacgcagactccgtgaagggccgattcaccatctccagacacaattccaagaacacgctgtatcttcaaatgaacagcctgagagctgaggacacggccgtgtattactgtgcgagaga
IGHV3-64*01;gaggtgcagctggtggagtctgggggaggcttggtccagcctggggggtccctgagactctcctgtgcagcctctggattcaccttcagtagctatgctatgcactgggtccgccaggctccagggaagggactggaatatgtttcagctattagtagtaatgggggtagcacatattatgcaaactctgtgaagggcagattcaccatctccagagacaattccaagaacacgctgtatcttcaaatgggcagcctgagagctgaggacatggctgtgtattactgtgcgagaga
IGHV3-64*02;gaggtgcagctggtggagtctggggaaggcttggtccagcctggggggtccctgagactctcctgtgcagcctctggattcaccttcagtagctatgctatgcactgggtccgccaggctccagggaagggactggaatatgtttcagctattagtagtaatgggggtagcacatattatgcagactctgtgaagggcagattcaccatctccagagacaattccaagaacacgctgtatcttcaaatgggcagcctgagagctgaggacatggctgtgtattactgtgcgagaga
IGHV3-64*03;gaggtgcagctggtggagtctgggggaggcttggtccagcctggggggtccctgagactctcctgttcagcctctggattcaccttcagtagctatgctatgcactgggtccgccaggctccagggaagggactggaatatgtttcagctattagtagtaatgggggtagcacatactacgcagactcagtgaagggcagattcaccatctccagagacaattccaagaacacgctgtatgtccaaatgagcagtctgagagctgaggacacggctgtgtattactgtgtgaaaga
IGHV3-64*04;caggtgcagctggtggagtctgggggaggcttggtccagcctggggggtccctgagactctcctgttcagcctctggattcaccttcagtagctatgctatgcactgggtccgccaggctccagggaagggactggaatatgtttcagctattagtagtaatgggggtagcacatactacgcagactcagtgaagggcagattcaccatctccagagacaattccaagaacacgctgtatctgcaaatgaacagcctgagagctgaggacacggctgtgtattactgtgcgagaga
IGHV3-64*05;gaggtgcagctggtggagtctgggggaggcttggtccagcctggggggtccctgagactctcctgttcagcctctggattcaccttcagtagctatgctatgcactgggtccgccaggctccagggaagggactggaatatgtttcagctattagtagtaatgggggtagcacatactacgcagactcagtgaagggcagattcaccatctccagagacaattccaagaacacgctgtatgttcaaatgagcagtctgagagctgaggacacggctgtgtattactgtgtgaaaga
IGHV3-64D*06;gaggtgcagctggtggagtctgggggaggcttggtccagcctggggggtccctgagactctcctgttcagcctctggattcaccttcagtagctatgctatgcactgggtccgccaggctccagggaagggactggaatatgtttcagctattagtagtaatgggggtagcacatactacgcagactccgtgaagggcagattcaccatctccagagacaattccaagaacacgctgtatcttcaaatgagcagtctgagagctgaggacacggctgtgtattactgtgtgaaaga
IGHV3-66*01;gaggtgcagctggtggagtctgggggaggcttggtccagcctggggggtccctgagactctcctgtgcagcctctggattcaccgtcagtagcaactacatgagctgggtccgccaggctccagggaaggggctggagtgggtctcagttatttatagcggtggtagcacatactacgcagactccgtgaagggcagattcaccatctccagagacaattccaagaacacgctgtatcttcaaatgaacagcctgagagccgaggacacggctgtgtattactgtgcgagaga
IGHV3-66*02;gaggtgcagctggtggagtctgggggaggcttggtccagcctggggggtccctgagactctcctgtgcagcctctggattcaccgtcagtagcaactacatgagctgggtccgccaggctccagggaaggggctggagtgggtctcagttatttatagcggtggtagcacatactacgcagactccgtgaagggccgattcaccatctccagagacaattccaagaacacgctgtatcttcaaatgaacagcctgagagctgaggacacggctgtgtattactgtgcgaga
IGHV3-66*03;gaggtgcagctggtggagtctggaggaggcttgatccagcctggggggtccctgagactctcctgtgcagcctctgggttcaccgtcagtagcaactacatgagctgggtccgccaggctccagggaaggggctggagtgggtctcagttatttatagctgtggtagcacatactacgcagactccgtgaagggccgattcaccatctccagagacaattccaagaacacgctgtatcttcaaatgaacagcctgagagctgaggacacggctgtgtattactgtgcgagaga
IGHV3-66*04;gaggtgcagctggtggagtctgggggaggcttggtccagcctggggggtccctgagactctcctgtgcagcctctggattcaccgtcagtagcaactacatgagctgggtccgccaggctccagggaaggggctggagtgggtctcagttatttatagcggtggtagcacatactacgcagactccgtgaagggcagattcaccatctccagagacaattccaagaacacgctgtatcttcaaatgaacagcctgagagccgaggacacggctgtgtattactgtgcgagaca
IGHV3-7*01;gaggtgcagctggtggagtctgggggaggcttggtccagcctggggggtccctgagactctcctgtgcagcctctggattcacctttagtagctattggatgagctgggtccgccaggctccagggaaggggctggagtgggtggccaacataaagcaagatggaagtgagaaatactatgtggactctgtgaagggccgattcaccatctccagagacaacgccaagaactcactgtatctgcaaatgaacagcctgagagccgaggacacggctgtgtattactgtgcgagaga
IGHV3-7*02;gaggtgcagctggtggagtctgggggaggcttggtccagcctggggggtccctgagactctcctgtgcagcctctggattcacctttagtagctattggatgagctgggtccgccaggctccagggaaagggctggagtgggtggccaacataaagcaagatggaagtgagaaatactatgtggactctgtgaagggccgattcaccatctccagagacaacgccaagaactcactgtatctgcaaatgaacagcctgagagccgaggacacggctgtgtattactgtgcgaga
IGHV3-7*03;gaggtgcagctggtggagtctgggggaggcttggtccagcctggggggtccctgagactctcctgtgcagcctctggattcacctttagtagctattggatgagctgggtccgccaggctccagggaaggggctggagtgggtggccaacataaagcaagatggaagtgagaaatactatgtggactctgtgaagggccgattcaccatctccagagacaacgccaagaactcactgtatctgcaaatgaacagcctgagagccgaggacacggccgtgtattactgtgcgagaga
IGHV3-72*01;gaggtgcagctggtggagtctgggggaggcttggtccagcctggagggtccctgagactctcctgtgcagcctctggattcaccttcagtgaccactacatggactgggtccgccaggctccagggaaggggctggagtgggttggccgtactagaaacaaagctaacagttacaccacagaatacgccgcgtctgtgaaaggcagattcaccatctcaagagatgattcaaagaactcactgtatctgcaaatgaacagcctgaaaaccgaggacacggccgtgtattactgtgctagaga
IGHV3-72*02;accttcagtgaccactacatggactgggtccgccaggctccagggaaggggctggagtgggttggccgtactagaaacaaagctaacagctacaccacagaatacgccgcgtctgtgaaaggcagattcaccatctcaagagatgattcaaagaactcactgtat
IGHV3-73*01;gaggtgcagctggtggagtctgggggaggcttggtccagcctggggggtccctgaaactctcctgtgcagcctctgggttcaccttcagtggctctgctatgcactgggtccgccaggcttccgggaaagggctggagtgggttggccgtattagaagcaaagctaacagttacgcgacagcatatgctgcgtcggtgaaaggcaggttcaccatctccagagatgattcaaagaacacggcgtatctgcaaatgaacagcctgaaaaccgaggacacggccgtgtattactgtactagaca
IGHV3-73*02;gaggtgcagctggtggagtccgggggaggcttggtccagcctggggggtccctgaaactctcctgtgcagcctctgggttcaccttcagtggctctgctatgcactgggtccgccaggcttccgggaaagggctggagtgggttggccgtattagaagcaaagctaacagttacgcgacagcatatgctgcgtcggtgaaaggcaggttcaccatctccagagatgattcaaagaacacggcgtatctgcaaatgaacagcctgaaaaccgaggacacggccgtgtattactgtactagaca
IGHV3-74*01;gaggtgcagctggtggagtccgggggaggcttagttcagcctggggggtccctgagactctcctgtgcagcctctggattcaccttcagtagctactggatgcactgggtccgccaagctccagggaaggggctggtgtgggtctcacgtattaatagtgatgggagtagcacaagctacgcggactccgtgaagggccgattcaccatctccagagacaacgccaagaacacgctgtatctgcaaatgaacagtctgagagccgaggacacggctgtgtattactgtgcaagaga
IGHV3-74*02;gaggtgcagctggtggagtctgggggaggcttagttcagcctggggggtccctgagactctcctgtgcagcctctggattcaccttcagtagctactggatgcactgggtccgccaagctccagggaaggggctggtgtgggtctcacgtattaatagtgatgggagtagcacaagctacgcggactccgtgaagggccgattcaccatctccagagacaacgccaagaacacgctgtatctgcaaatgaacagtctgagagccgaggacacggctgtgtattactgtgcaaga
IGHV3-74*03;gaggtgcagctggtggagtccgggggaggcttagttcagcctggggggtccctgagactctcctgtgcagcctctggattcaccttcagtagctactggatgcactgggtccgccaagctccagggaaggggctggtgtgggtctcacgtattaatagtgatgggagtagcacaacgtacgcggactccgtgaagggccgattcaccatctccagagacaacgccaagaacacgctgtatctgcaaatgaacagtctgagagccgaggacacggctgtgtattactgtgcaagaga
IGHV3-9*01;gaagtgcagctggtggagtctgggggaggcttggtacagcctggcaggtccctgagactctcctgtgcagcctctggattcacctttgatgattatgccatgcactgggtccggcaagctccagggaagggcctggagtgggtctcaggtattagttggaatagtggtagcataggctatgcggactctgtgaagggccgattcaccatctccagagacaacgccaagaactccctgtatctgcaaatgaacagtctgagagctgaggacacggccttgtattactgtgcaaaagata
IGHV3-9*02;gaagtgcagctggtggagtctgggggaggcttggtacagcctggcaggtccctgagactctcctgtgcagcctctggattcacctctgatgattatgccatgcactgggtccggcaagctccagggaagggcctggagtgggtctcaggtattagttggaatagtggtagcataggctatgcggactctgtgaagggccgattcaccatctccagagacaacgccaagaactccctgtatctgcaaatgaacagtctgagagctgaggacacggccttgtattactgtgcaaaagata
IGHV3-9*03;gaagtgcagctggtggagtctgggggaggcttggtacagcctggcaggtccctgagactctcctgtgcagcctctggattcacctttgatgattatgccatgcactgggtccggcaagctccagggaagggcctggagtgggtctcaggtattagttggaatagtggtagcataggctatgcggactctgtgaagggccgattcaccatctccagagacaacgccaagaactccctgtatctgcaaatgaacagtctgagagctgaggacatggccttgtattactgtgcaaaagata
IGHV3-NL1*01;caggtgcagctggtggagtctgggggaggcgtggtccagcctggggggtccctgagactctcctgtgcagcgtctggattcaccttcagtagctatggcatgcactgggtccgccaggctccaggcaaggggctggagtgggtctcagttatttatagcggtggtagtagcacatactatgcagactccgtgaagggccgattcaccatctccagagacaattccaagaacacgctgtatctgcaaatgaacagcctgagagctgaggacacggctgtgtattactgtgcgaaaga
IGHV4-28*01;caggtgcagctgcaggagtcgggcccaggactggtgaagccttcggacaccctgtccctcacctgcgctgtctctggttactccatcagcagtagtaactggtggggctggatccggcagcccccagggaagggactggagtggattgggtacatctattatagtgggagcacctactacaacccgtccctcaagagtcgagtcaccatgtcagtagacacgtccaagaaccagttctccctgaagctgagctctgtgaccgccgtggacacggccgtgtattactgtgcgagaaa
IGHV4-28*02;caggtgcagctgcaggagtcgggcccaggactggtgaagccttcacagaccctgtccctcacctgcgctgtctctggttactccatcagcagtagtaactggtggggctggatccggcagcccccagggaagggactggagtggattgggtacatctattatagtgggagcatctactacaacccgtccctcaagagtcgagtcaccatgtcagtagacacgtccaagaaccagttctccctgaagctgagctctgtgaccgccgtggacacggccgtgtattactgtgcgagaaa
IGHV4-28*03;caggtgcagctgcaggagtcgggcccaggactggtgaagccttcggacaccctgtccctcacctgcgctgtctctggttactccatcagcagtagtaactggtggggctggatccggcagcccccagggaagggactggagtggattgggtacatctattatagtgggagcacctactacaacccgtccctcaagagtcgagtcaccatgtcagtagacacgtccaagaaccagttctccctgaagctgagctctgtgaccgccgtggacacggccgtgtattactgtgcgagaga
IGHV4-28*04;caggtgcagctgcaggagtcgggcccaggactggtgaagccttcggacaccctgtccctcacctgcgctgtctctggttactccatcagcagtagtaactggtggggctggatccggcagcccccagggaagggactggagtggattgggtacatctattatagtgggagcacctactacaacccgtccctcaagagtcgagtcaccatgtcagtagacacgtccaagaaccagttctccctgaagctgagctctgtgaccgccgtggacaccggcgtgtattactgtgcgaga
IGHV4-28*05;caggtgcagctgcaggagtcgggcccaggactggtgaagccttcggacaccctgtccctcacctgcgctgtctctggttactccatcagcagtagtaactggtggggctggatccggcagcccccagggaagggactggagtggattgggtacatctattatagtgggagcatctactacaacccgtccctcaagagtcgagtcaccatgtcagtagacacgtccaagaaccagttctccctgaagctgagctctgtgaccgccgtggacacggccgtgtattactgtgcgagaaa
IGHV4-28*06;caggtgcagctacaggagtcgggcccaggactggtgaagccttcggacaccctgtccctcacctgcgctgtctctggttactccatcagcagtagtaactggtggggctggatccggcagcccccagggaagggactggagtggattgggtacatctattatagtgggagcaccaactacaacccgtccctcaagagtcgagtcaccatgtcagtagacacgtccaagaaccagttctccctgaagctgagctctgtgaccgccttggacacggccgtgtattactgtgcgagaaa
IGHV4-28*07;caggtacagctgcaggagtcgggcccaggactggtgaagccttcggacaccctgtccctcacctgcgctgtctctggttactccatcagcagtagtaactggtggggctggatccggcagcccccagggaagggactggagtggattgggtacatctattatagtgggagcacctactacaacccgtccctcaagagtcgagtcaccatgtcagtagacacgtccaagaaccagttctccctgaagctgagctctgtgaccgccgtggacacggccgtgtattactgtgcgagaaa
IGHV4-30-2*01;cagctgcagctgcaggagtccggctcaggactggtgaagccttcacagaccctgtccctcacctgcgctgtctctggtggctccatcagcagtggtggttactcctggagctggatccggcagccaccagggaagggcctggagtggattgggtacatctatcatagtgggagcacctactacaacccgtccctcaagagtcgagtcaccatatcagtagacaggtccaagaaccagttctccctgaagctgagctctgtgaccgccgcggacacggccgtgtattactgtgccagaga
IGHV4-30-2*02;cagctgcagctgcaggagtccggctcaggactggtgaagccttcacagaccctgtccctcacctgcgctgtctctggtggctccatcagcagtggtggttactcctggagctggatccggcagccaccagggaagggcctggagtggattgggtacatctatcatagtgggagcacctactacaacccgtccctcaagagtcgagtcaccatatcagtagacaggtccaagaaccagttctccctgaagctgagctctgtgaccgctgcggacacggccgtgtattactgtgcg
IGHV4-30-2*03;cagctgcagctgcaggagtccggctcaggactggtgaagccttcacagaccctgtccctcacctgcgctgtctctggtggctccatcagcagtggtggttactcctggagctggatccggcagccaccagggaagggcctggagtggattgggagtatctattatagtgggagcacctactacaacccgtccctcaagagtcgagtcaccatatccgtagacacgtccaagaaccagttctccctgaagctgagctctgtgaccgctgcagacacggctgtgtattactgtgcgagaca
IGHV4-30-2*04;tctggtggctccatcagcagtggtggttactcctggagctggatccggcagccaccagggaagggcctggagtggattgggtacatctatcatagtgggagcacctactacaacccgtccctcaagagtcgagtcaccatatcagtagacacgtccaagaaccagttctccctgaagctgagctctgtgaccgccgcagacacggccgtgtattactgtgcgagaga
IGHV4-30-2*05;cagctgcagctgcaggagtccggctcaggactggtgaagccttcacagaccctgtccctcacctgcgctgtctctggtggctccatcagcagtggtggttactcctggagctggatccggcagccaccagggaagggcctggagtggattgggtacatctatcatagtgggagcacctactacaacccgtccctcaagagtcgagttaccatatcagtagacacgtccaagaaccagttctccctgaagctgagctctgtgactgccgcagacacggccgtgtattactgtgccagaga
IGHV4-30-2*06;cagctgcagctgcaggagtccggctcaggactggtgaagccttcacagaccctgtccctcacctgcgctgtctctggtggctccatcagcagtggtggttactcctggagctggatccggcagtcaccagggaagggcctggagtggattgggtacatctatcatagtgggagcacctactacaacccgtccctcaagagtcgagtcaccatatcagtagacaggtccaagaaccagttctccctgaagctgagctctgtgaccgccgcggacacggccgtgtattactgtgccagaga
IGHV4-30-4*01;caggtgcagctgcaggagtcgggcccaggactggtgaagccttcacagaccctgtccctcacctgcactgtctctggtggctccatcagcagtggtgattactactggagttggatccgccagcccccagggaagggcctggagtggattgggtacatctattacagtgggagcacctactacaacccgtccctcaagagtcgagttaccatatcagtagacacgtccaagaaccagttctccctgaagctgagctctgtgactgccgcagacacggccgtgtattactgtgccagaga
IGHV4-30-4*02;caggtgcagctgcaggagtcgggcccaggactggtgaagccttcggacaccctgtccctcacctgcactgtctctggtggctccatcagcagtggtgattactactggagttggatccgccagcccccagggaagggcctggagtggattgggtacatctattacagtgggagcacctactacaacccgtccctcaagagtcgagttaccatatcagtagacacgtccaagaaccagttctccctgaagctgagctctgtgactgcagcagacacggccgtgtattactgtgccagaga
IGHV4-30-4*03;caggtgcagctgcaggagtcgggcccaggactggtgaagccttcacagaccctgtccctcacctgcactgtctctggtggctccatcagcagtggtgattactactggagttggatccgccagcccccagggaagggcctggagtggattgggtacatctattacagtgggagcacctactacaacccgtccctcaagagtcgagttaccatatcagtagacacgtccaagaaccagttctccctgaagctgagctctgtgactgccgcggacacggccgtgtattactg
IGHV4-30-4*04;caggtgcagctgcaggactcgggcccaggactggtgaagccttcacagaccctgtccctcacctgcactgtctctggtggctccatcagcagtggtgattactactggagttggatccgccagcccccagggaagggcctggagtggattgggtacttctattacagtgggagcacctactacaacccgtccctcaagagtcgagttaccatatcagtagacacgtccaagaaccagttctccctgaagctgagctctgtgactgccgcagacacggccgtgtattactg
IGHV4-30-4*05;ctctggtggctccatcagcagtggtgattactactggagttggatccgccagcncccagggaagggcctggagtggattgggtacatctattacagtgggagcacctactacaacccgtccctcaagagtcgagtcaccatatcagtagacacgtccaagaaccagttctccctgaagctgagctctgtgactgccgcagacacggccgtgtattactgtgccagaga
IGHV4-30-4*06;tctggtggctccatcagcagtggtgattactactggagttggatccgccagcacccagggaagggcctggagtggattgggtacatctattacagtgggagcacctactacaacccgtccctcaagagtcgagttaccatatcagtagacacgtccaagaaccagttctccctgaagctgagctctgtgactgccgcagacacggccgtgtattactgtgccagaga
IGHV4-30-4*07;caggtgcagctgcaggagtcgggcccaggactggtgaagccttcacagaccctgtccctcacctgcgctgtctctggtggctccatcagcagtggtggttactcctggagctggatccggcagccaccagggaagggactggagtggattgggtatatctattacagtgggagcacctactacaacccgtccctcaagagtcgagttaccatatcagtagacacgtccaagaaccagttctccctgaagctgagctctgtgaccgccgcggacacggccgtgtattactgtgccagaga
IGHV4-31*01;caggtgcagctgcaggagtcgggcccaggactggtgaagccttcacagaccctgtccctcacctgcactgtctctggtggctccatcagcagtggtggttactactggagctggatccgccagcacccagggaagggcctggagtggattgggtacatctattacagtgggagcacctactacaacccgtccctcaagagtctagttaccatatcagtagacacgtctaagaaccagttctccctgaagctgagctctgtgactgccgcggacacggccgtgtattactgtgcgagaga
IGHV4-31*02;caggtgcagctgcaggagtcgggcccaggactggtgaagccttcacagaccctgtccctcacctgtactgtctctggtggctccatcagcagtggtggttactactggagctggatccgccagcacccagggaagggcctggagtggattgggtacatctattacagtgggagcacctactacaacccgtccctcaagagtcgagttaccatatcagtagacacgtctaagaaccagttctccctgaagctgagctctgtgactgccgcggacacggccgtgtattactgtgcgagaga
IGHV4-31*03;caggtgcagctgcaggagtcgggcccaggactggtgaagccttcacagaccctgtccctcacctgcactgtctctggtggctccatcagcagtggtggttactactggagctggatccgccagcacccagggaagggcctggagtggattgggtacatctattacagtgggagcacctactacaacccgtccctcaagagtcgagttaccatatcagtagacacgtctaagaaccagttctccctgaagctgagctctgtgactgccgcggacacggccgtgtattactgtgcgagaga
IGHV4-31*04;caggtgcggctgcaggagtcgggcccaggactggtgaagccttcacagaccctgtccctcacctgcactgtctctggtggctccatcagcagtggtggttactactggagctggatccgccagcacccagggaagggcctggagtggattgggtacatctattacagtgggagcacctactacaacccgtccctcaagagtcgagttaccatatcagtagacacgtctaagaaccagttctccctgaagctgagctctgtgactgccgcggacacggccgtgtattactgtgcg
IGHV4-31*05;caggtgcagctgcaggagtcgggcccaggactggtgaagccttcacagaccctgtccctcacctgcactgtctctggtggctccatcagcagtggtggttactactggagctggatccgccagcacccagggaagggcctggagtggattgggtacatctattacagtgggagcacctactacaacccgtccctcaagagtcgagttaccatatcagtagacacgtctaagaaccagttctccctgaagctgagctctgtgaccgcggacgcggccgtgtattactgtgcg
IGHV4-31*06;caggtgcagctgcaggagtcgggcccaggactggtgaagccttcacagaccctgtccctcacctgcactgtctctggtggctccatcagcagtggtagttactactggagctggatccgccagcacccagggaagggcctggagtggattgggtacatctattacagtgggagcacctactacaacccgtccctcaagagtcgagttaccatatcagtagacacgtctaagaaccagttctccctgaagctgagctctgtgactgccgcggacacggccgtgtattactg
IGHV4-31*07;caggtgcagctgcaggagtcgggcccaggactggtgaagccttcacagaccctgtccctcacctgcactgtctctggtggatccatcagcagtggtggttactactggagctggatccgccagcacccagggaagggcctggagtggattgggtacatctattacagtgggagcacctactacaacccgtccctcaagagtcgagttaccatatcagtagacacgtctaagaaccagttctccctgaagctgagctctgtgactgccgcggacacggccgtgtattactg
IGHV4-31*08;caggtgcagctgcaggagtcgggcccaggactggtgaagccttcacagaccctgtccctcacctgcactgtctctggtggctccatcagcagtggtggttactactggagctggatccgccagcacccagggaagggcctggagtggattgggtacatctattacagtgggagcacctactacaacccgtccctcaagagtcgagttaccatatccgtagacacgtccaagaaccagttctccctgaagctgagctctgtgactgccgcggacacggccgtgtattactg
IGHV4-31*09;caggtgcagctgcaggagtcgggcccaggactggtgaagccttcacagaccctgtccctcacctgcactgtctctggtggctccatcagcagtggtggttactactggagctggatccgccagcacccagggaagggcctggagtggattgggtacatctattacagtgggagcacctactacaacccgtccctcaagagtcgagttaccatatcagtagacaagtccaagaaccagttctccctgaagctgagctctgtgaccgccgcggacacggccgtgtattactg
IGHV4-31*10;caggtgcagctgcaggagtcgggcccaggactgttgaagccttcacagaccctgtccctcacctgcactgtctctggtggctccatcagcagtggtggttactactggagctggatccgccagcacccagggaagggcctggagtggattgggtgcatctattacagtgggagcacctactacaacccgtccctcaagagtcgagttaccatatcagtagacccgtccaagaaccagttctccctgaagccgagctctgtgactgccgcggacacggccgtggattactgtgcgagaga
IGHV4-34*01;caggtgcagctacagcagtggggcgcaggactgttgaagccttcggagaccctgtccctcacctgcgctgtctatggtgggtccttcagtggttactactggagctggatccgccagcccccagggaaggggctggagtggattggggaaatcaatcatagtggaagcaccaactacaacccgtccctcaagagtcgagtcaccatatcagtagacacgtccaagaaccagttctccctgaagctgagctctgtgaccgccgcggacacggctgtgtattactgtgcgagagg
IGHV4-34*02;caggtgcagctacaacagtggggcgcaggactgttgaagccttcggagaccctgtccctcacctgcgctgtctatggtgggtccttcagtggttactactggagctggatccgccagcccccagggaaggggctggagtggattggggaaatcaatcatagtggaagcaccaactacaacccgtccctcaagagtcgagtcaccatatcagtagacacgtccaagaaccagttctccctgaagctgagctctgtgaccgccgcggacacggctgtgtattactgtgcgagagg
IGHV4-34*03;caggtgcagctacagcagtggggcgcaggactgttgaagccttcggagaccctgtccctcacctgcgctgtctatggtgggtccttcagtggttactactggagctggatccgccagcccccagggaaggggctggagtggattggggaaatcaatcatagtggaagcaccaactacaacccgtccctcaagagtcgagtcaccatatcagtagacacgtccaagaaccagttctccctgaagctgagctctgtgaccgccgcggacacggccgtgtattactg
IGHV4-34*04;caggtgcagctacagcagtggggcgcaggactgttgaagccttcggagaccctgtccctcacctgcgctgtctatggtgggtccttcagtggttactactggagctggatccgccagcccccagggaaggggctggagtggattggggaaatcaatcatagtggaagcaccaacaacaacccgtccctcaagagtcgagccaccatatcagtagacacgtccaagaaccagttctccctgaagctgagctctgtgaccgccgcggacacggctgtgtattactgtgcgagagg
IGHV4-34*05;caggtgcagctacagcagtggggcgcaggactgttgaagccttcggagaccctgtccctcacctgcgctgtctatggtgggtccttcagtggttactactggtgctggatccgccagcccctagggaaggggctggagtggattggggaaatcaatcatagtggaagcaccaacaacaacccgtccctcaagagtcgagccaccatatcagtagacacgtccaagaaccagttctccctgaagctgagctctgtgaccgccgcggacacggctgtgtattactgtgcgagagg
IGHV4-34*06;caggtgcagctacagcagtggggcgcaggactgttgaagccttcggagaccctgtccctcacctgcgctgtctatggtgggtccttcagtggttactactggagctggatccgccagcccccagggaaggggctggagtggattggggaaatcaatcatagtggaagcaccaactacaacccgtccctcaagagtcgagtcaccatatcagtagacacgtccaagaaccagttctccctgaagctgggctctgtgaccgccgcggacacggccgtgtattactg
IGHV4-34*07;caggtgcagctacagcagtggggcgcaggactgttgaagccttcggagaccctgtccctcacctgcgctgtctatggtgggtccttcagtggttactactggagctggatccgccagcccccagggaaggggctggagtggattggggaaatcaaccatagtggaagcaccaactacaacccgtccctcaagagtcgagtcaccatatcagtagacacgtccaagaaccagttctccctgaagctgagctctgtgaccgccgcggacacggccgtgtattactg
IGHV4-34*08;caggtgcagctacagcagtggggcgcaggactgttgaagccttcggagaccctgtccctcacctgcgctgtctatggtgggaccttcagtggttactactggagctggatccgccagcccccagggaaggggctggagtggattggggaaatcaatcatagtggaagcaccaactacaacccgtccctcaagagtcgagtcaccatatcagtagacacgtccaagaaccagttctccctgaagctgagctctgtgaccgccgcggacacggctgtgtattactgtgcg
IGHV4-34*09;caggtgcagctgcaggagtcgggcccaggactggtgaagccttcacagaccctgtccctcacctgcgctgtctatggtgggtccttcagtggttactactggagctggatccgccagcccccagggaagggactggagtggattggggaaatcaatcatagtggaagcaccaactacaacccgtccctcaagagtcgagttaccatatcagtagacacgtctaagaaccagttctccctgaagctgagctctgtgactgccgcggacacggccgtgtattactgtgcgagaga
IGHV4-34*10;caggtgcagctgcaggagtcgggcccaggactggtgaagccttcggagaccctgtccctcacctgcgctgtctatggtgggtccttcagtggttactactggagctggatccgccagcccccagggaagggactggagtggattggggaaatcaatcatagtggaagcaccaactacaacccgtccctcaagagtcgaatcaccatgtcagtagacacgtccaagaaccagttctacctgaagctgagctctgtgaccgccgcggacacggccgtgtattactgtgcgagata
IGHV4-34*11;caggtgcagctacagcagtggggcgcaggactgttgaagccttcggagaccctgtccctcacctgcgctgtctatggtgggtccgtcagtggttactactggagctggatccggcagcccccagggaaggggctggagtggattgggtatatctattatagtgggagcaccaacaacaacccctccctcaagagtcgagccaccatatcagtagacacgtccaagaaccagttctccctgaacctgagctctgtgaccgccgcggacacggccgtgtattgctgtgcgagaga
IGHV4-34*12;caggtgcagctacagcagtggggcgcaggactgttgaagccttcggagaccctgtccctcacctgcgctgtctatggtgggtccttcagtggttactactggagctggatccgccagcccccagggaaggggctggagtggattggggaaatcattcatagtggaagcaccaactacaacccgtccctcaagagtcgagtcaccatatcagtagacacgtccaagaaccagttctccctgaagctgagctctgtgaccgccgcggacacggctgtgtattactgtgcgaga
IGHV4-34*13;tatggtgggtccttcagtggttactactggagctggatccgccagcccccagggaaggggctggagtggattggggaaatcaatcatagtggaagcaccaactacaacccctccctcaagagtcgagtcaccatatcagtagacacgtccaagaaccagttctccctgaagctgagctctgtgaccgccgcggacacggctgtgtattactgtgcgagagg
IGHV4-38-2*01;caggtgcagctgcaggagtcgggcccaggactggtgaagccttcggagaccctgtccctcacctgcgctgtctctggttactccatcagcagtggttactactggggctggatccggcagcccccagggaaggggctggagtggattgggagtatctatcatagtgggagcacctactacaacccgtccctcaagagtcgagtcaccatatcagtagacacgtccaagaaccagttctccctgaagctgagctctgtgaccgccgcagacacggccgtgtattactgtgcgaga
IGHV4-38-2*02;caggtgcagctgcaggagtcgggcccaggactggtgaagccttcggagaccctgtccctcacctgcactgtctctggttactccatcagcagtggttactactggggctggatccggcagcccccagggaaggggctggagtggattgggagtatctatcatagtgggagcacctactacaacccgtccctcaagagtcgagtcaccatatcagtagacacgtccaagaaccagttctccctgaagctgagctctgtgaccgccgcagacacggccgtgtattactgtgcgagaga
IGHV4-39*01;cagctgcagctgcaggagtcgggcccaggactggtgaagccttcggagaccctgtccctcacctgcactgtctctggtggctccatcagcagtagtagttactactggggctggatccgccagcccccagggaaggggctggagtggattgggagtatctattatagtgggagcacctactacaacccgtccctcaagagtcgagtcaccatatccgtagacacgtccaagaaccagttctccctgaagctgagctctgtgaccgccgcagacacggctgtgtattactgtgcgagaca
IGHV4-39*02;cagctgcagctgcaggagtcgggcccaggactggtgaagccttcggagaccctgtccctcacctgcactgtctctggtggctccatcagcagtagtagttactactggggctggatccgccagcccccagggaaggggctggagtggattgggagtatctattatagtgggagcacctactacaacccgtccctcaagagtcgagtcaccatatccgtagacacgtccaagaaccacttctccctgaagctgagctctgtgaccgccgcagacacggctgtgtattactgtgcgagaga
IGHV4-39*03;cagctgcagctgcaggagtcgggcccaggactggtgaagccttcggagaccctgtccctcacctgcactgtctctggtggctccatcagcagtagtagttactactggggctggatccgccagcccccagggaaggggctggagtggattgggagtatctattatagtgggagcacctactacaacccgtccctcaagagtcgagtcaccatatccgtagacacgtccaagaaccagttctccctgaagctgagctctgtgaccgccgcagacacggccgtgtattactg
IGHV4-39*04;gctccatcagcagtagtagttactactggggctggatccgccagcccccagggaaggggctggagtggattgggagtatctattatagtgggagcacctactacaacccgtccctcaagagtcgagtcaccatatccgtagacacgtccaagaaccagttctccctgaagctgagctctgtgaccgccgcggacac
IGHV4-39*05;cagctgcagctgcaggagtcgggcccaggactggtgaagccttcggagaccccgtccctcacctgcactgtctctggtggctccatcagcagtagtagttactactggggctggatccgccagcccccagggaaggggctggagtggattgggagtatctattatagtgggagcacctactacaacccgtccctcaagagtcgagtcaccatatccgtagacacgtccaagaaccagttctccctgaagctgagctctgtgaccgccgcagacacggctgtgtattactgtgcg
IGHV4-39*06;cggctgcagctgcaggagtcgggcccaggactggtgaagccttcggagaccctgtccctcacctgcactgtctctggtggctccatcagcagtagtagttactactggggctggatccgccagcccccagggaaggggctggagtggattgggagtatctattatagtgggagcacctactacaacccgtccctcaagagtcgagtcaccatatcagtagacacgtccaagaaccagttccccctgaagctgagctctgtgaccgccgcggacacggccgtgtattactgtgcgagaga
IGHV4-39*07;cagctgcagctgcaggagtcgggcccaggactggtgaagccttcggagaccctgtccctcacctgcactgtctctggtggctccatcagcagtagtagttactactggggctggatccgccagcccccagggaaggggctggagtggattgggagtatctattatagtgggagcacctactacaacccgtccctcaagagtcgagtcaccatatcagtagacacgtccaagaaccagttctccctgaagctgagctctgtgaccgccgcggacacggccgtgtattactgtgcgagaga
IGHV4-4*01;caggtgcagctgcaggagtcgggcccaggactggtgaagcctccggggaccctgtccctcacctgcgctgtctctggtggctccatcagcagtagtaactggtggagttgggtccgccagcccccagggaaggggctggagtggattggggaaatctatcatagtgggagcaccaactacaacccgtccctcaagagtcgagtcaccatatcagtagacaagtccaagaaccagttctccctgaagctgagctctgtgaccgccgcggacacggccgtgtattgctgtgcgagaga
IGHV4-4*02;caggtgcagctgcaggagtcgggcccaggactggtgaagccttcggggaccctgtccctcacctgcgctgtctctggtggctccatcagcagtagtaactggtggagttgggtccgccagcccccagggaaggggctggagtggattggggaaatctatcatagtgggagcaccaactacaacccgtccctcaagagtcgagtcaccatatcagtagacaagtccaagaaccagttctccctgaagctgagctctgtgaccgccgcggacacggccgtgtattactgtgcgagaga
IGHV4-4*03;caggtgcagctgcaggagtcgggcccaggactggtgaagcctccggggaccctgtccctcacctgcgctgtctctggtggctccatcagcagtagtaactggtggagttgggtccgccagcccccagggaaggggctggagtggattggggaaatctatcatagtgggagcaccaactacaacccgtccctcaagagtcgagtcaccatatcagtagacaagtccaagaaccagttctccctgaagctgagctctgtgaccgccgcggacacggccgtgtattactg
IGHV4-4*04;caggtgcagctgcaggagtcgggcccaggactggtgaagcctccggggaccctgtccctcacctgcgctatctctggtggctccatcagcagtagtaactggtggagttgggtccgccagcccccagggaaggggctggagtggattggggaaatctatcatagtgggagcaccaactacaacccgtccctcaagagtcgagtcaccatatcagtagacaagtccaagaaccagttctccctgaagctgagctctgtgaccgccgcggacacggccgtgtattactg
IGHV4-4*05;caggtgcagctgcaggagttgggcccaggactggtgaagcctccggggaccctgtccctcacctgcgctgtctctggtggctccatcagcagtagtaactggtggagttgggtccgccagcccccagggaaggggctggagtggattggggaaatctatcatagtgggagcaccaactacaacccgtccctcaagagtcgagtcaccatatcagtagacaagtccaagaaccagttctccctgaagctgagctctgtgaccgccgcggacacggccgtgtattactg
IGHV4-4*06;tctggtggctccatcagcagtagtaactggtggagttgggtccgccagcccccagggannnggctggagtggattggggaaatctatcatagtgggagcaccaactacaacccgtccctcaagagtcgagtcaccatgtcagtagacacgtccaagaaccagttctccctgaagctgagctctgtgaccgccgcggacacggccgtgtattactgtgcgagaga
IGHV4-4*07;caggtgcagctgcaggagtcgggcccaggactggtgaagccttcggagaccctgtccctcacctgcactgtctctggtggctccatcagtagttactactggagctggatccggcagcccgccgggaagggactggagtggattgggcgtatctataccagtgggagcaccaactacaacccctccctcaagagtcgagtcaccatgtcagtagacacgtccaagaaccagttctccctgaagctgagctctgtgaccgccgcggacacggccgtgtattactgtgcgagaga
IGHV4-4*08;caggtgcagctgcaggagtcgggcccaggactggtgaagccttcggagaccctgtccctcacctgcactgtctctggtggctccatcagtagttactactggagctggatccggcagcccccagggaagggactggagtggattgggtatatctataccagtgggagcaccaactacaacccctccctcaagagtcgagtcaccatatccgtagacacgtccaagaaccagttctccctgaagctgagctctgtgaccgccgcagacacggccgtgtattactgtgcgagaga
IGHV4-59*01;caggtgcagctgcaggagtcgggcccaggactggtgaagccttcggagaccctgtccctcacctgcactgtctctggtggctccatcagtagttactactggagctggatccggcagcccccagggaagggactggagtggattgggtatatctattacagtgggagcaccaactacaacccctccctcaagagtcgagtcaccatatcagtagacacgtccaagaaccagttctccctgaagctgagctctgtgaccgctgcggacacggccgtgtattactgtgcgagaga
IGHV4-59*02;caggtgcagctgcaggagtcgggcccaggactggtgaagccttcggagaccctgtccctcacctgcactgtctctggtggctccgtcagtagttactactggagctggatccggcagcccccagggaagggactggagtggattgggtatatctattacagtgggagcaccaactacaacccctccctcaagagtcgagtcaccatatcagtagacacgtccaagaaccagttctccctgaagctgagctctgtgaccgctgcggacacggccgtgtattactgtgcgagaga
IGHV4-59*03;caggtgcagctgcaggagtcgggcccaggactggtgaagccttcggagaccctgtccctcacctgcactgtctctggtggctccatcagtagttactactggagctggatccggcagcccccagggaagggactggagtggattgggtatatctattacagtgggagcaccaactacaacccctccctcaagagtcgagtcaccatatcagtagacacgtccaagaaccaattctccctgaagctgagctctgtgaccgctgcggacacggccgtgtattactgtgcg
IGHV4-59*04;caggtgcagctgcaggagtcgggcccaggactggtgaagccttcggagaccctgtccctcacctgcactgtctctggtggctccatcagtagttactactggagctggatccggcagcccccagggaagggactggagtggattgggtatatctattatagtgggagcacctactacaacccgtccctcaagagtcgagtcaccatgtcagtagacacgtccaagaaccagttctccctgaagctgagctctgtgaccgccgcagacacggctgtgtattactgtgcg
IGHV4-59*05;caggtgcagctgcaggagtcgggcccaggactggtgaagccttcggagaccctgtccctcacctgcactgtctctggtggctccatcagtagttactactggagctggatccggcagccgccggggaagggactggagtggattgggcgtatctattatagtgggagcacctactacaacccgtccctcaagagtcgagtcaccatatccgtagacacgtccaagaaccagttctccctgaagctgagctctgtgaccgccgcagacacggctgtgtattactgtgcg
IGHV4-59*06;caggtgcagctgcaggagtcgggcccaggactggtgaagccttcggagaccctgtccctcacctgcactgtcactggtggctccatcagtagttactactggagctggatccggcagcccgctgggaagggcctggagtggattgggtacatctattacagtgggagcacctactacaacccgtccctcaagagtcgagttaccatatcagtagacacgtctaagaaccagttctccctgaagctgagctctgtgactgccgcggacacggccgtgtattactgtgcg
IGHV4-59*07;caggtgcagctgcaggagtcgggcccaggactggtgaagccttcggacaccctgtccctcacctgcactgtctctggtggctccatcagtagttactactggagctggatccggcagcccccagggaagggactggagtggattgggtatatctattacagtgggagcaccaactacaacccctccctcaagagtcgagtcaccatatcagtagacacgtccaagaaccagttctccctgaagctgagctctgtgaccgctgcggacacggccgtgtattactgtgcgaga
IGHV4-59*08;caggtgcagctgcaggagtcgggcccaggactggtgaagccttcggagaccctgtccctcacctgcactgtctctggtggctccatcagtagttactactggagctggatccggcagcccccagggaagggactggagtggattgggtatatctattacagtgggagcaccaactacaacccctccctcaagagtcgagtcaccatatcagtagacacgtccaagaaccagttctccctgaagctgagctctgtgaccgccgcagacacggccgtgtattactgtgcgagaca
IGHV4-59*09;tctggtggctccatcagtagttactactggagctggatccggcagcccccaggnannngactggagtggattgggtatatctattacagtgggagcaccaactacaacccctccctcaagagtcgagtcaccatatcagtagacacgtccaagaaccagttctccctgaagctgagctctgtgaccgctgcggacacggccgtgtattactgtgcgagagg
IGHV4-59*10;caggtgcagctacagcagtggggcgcaggactgttgaagccttcggagaccctgtccctcacctgcgctgtctatggtggctccatcagtagttactactggagctggatccggcagcccgccgggaaggggctggagtggattgggcgtatctataccagtgggagcaccaactacaacccctccctcaagagtcgagtcaccatgtcagtagacacgtccaagaaccagttctccctgaagctgagctctgtgaccgccgcggacacggccgtgtattactgtgcgagata
IGHV4-61*01;caggtgcagctgcaggagtcgggcccaggactggtgaagccttcggagaccctgtccctcacctgcactgtctctggtggctccgtcagcagtggtagttactactggagctggatccggcagcccccagggaagggactggagtggattgggtatatctattacagtgggagcaccaactacaacccctccctcaagagtcgagtcaccatatcagtagacacgtccaagaaccagttctccctgaagctgagctctgtgaccgctgcggacacggccgtgtattactgtgcgagaga
IGHV4-61*02;caggtgcagctgcaggagtcgggcccaggactggtgaagccttcacagaccctgtccctcacctgcactgtctctggtggctccatcagcagtggtagttactactggagctggatccggcagcccgccgggaagggactggagtggattgggcgtatctataccagtgggagcaccaactacaacccctccctcaagagtcgagtcaccatatcagtagacacgtccaagaaccagttctccctgaagctgagctctgtgaccgccgcagacacggccgtgtattactgtgcgagaga
IGHV4-61*03;caggtgcagctgcaggagtcgggcccaggactggtgaagccttcggagaccctgtccctcacctgcactgtctctggtggctccgtcagcagtggtagttactactggagctggatccggcagcccccagggaagggactggagtggattgggtatatctattacagtgggagcaccaactacaacccctccctcaagagtcgagtcaccatatcagtagacacgtccaagaaccacttctccctgaagctgagctctgtgaccgctgcggacacggccgtgtattactgtgcgagaga
IGHV4-61*04;caggtgcagctgcaggagtcgggcccaggactggtgaagccttcggagaccctgtccctcacctgcactgtctctggtggctccgtcagcagtggtagttactactggagctggatccggcagcccccagggaagggactggagtggattggatatatctattacagtgggagcaccaactacaacccctccctcaagagtcgagtcaccatatcagtagacacgtccaagaaccagttctccctgaagctgagctctgtgaccgctgacacggccgtgtattactg
IGHV4-61*05;cagctgcagctgcaggagtcgggcccaggactggtgaagccttcggagaccctgtccctcacctgcactgtctctggtggctccatcagcagtagtagttactactggggctggatccggcagcccccagggaagggactggagtggattgggtatatctattacagtgggagcaccaactacaacccctccctcaagagtcgagtcaccatatcagtagacaagtccaagaaccagttctccctgaagctgagctctgtgaccgccgcggacacggccgtgtattactgtgcgaga
IGHV4-61*07;tctggtggctccgtcagcagtggtagttactactggagctggatccggcagcccccagggaagggactggagtggattgggtatatctattacagtgggagcaccaactacaacccctccctcaagagtcgagtcaccatatcagtagacacgtccaagaaccagttctccctgaagctgagctctgtgaccgctgcggacacggccgtgtattactgtgcgagaca
IGHV4-61*08;caggtgcagctgcaggagtcgggcccaggactggtgaagccttcggagaccctgtccctcacctgcactgtctctggtggctccgtcagcagtggtggttactactggagctggatccggcagcccccagggaagggactggagtggattgggtatatctattacagtgggagcaccaactacaacccctccctcaagagtcgagtcaccatatcagtagacacgtccaagaaccagttctccctgaagctgagctctgtgaccgctgcggacacggccgtgtattactgtgcgagaga
IGHV5-10-1*01;gaagtgcagctggtgcagtctggagcagaggtgaaaaagcccggggagtctctgaggatctcctgtaagggttctggatacagctttaccagctactggatcagctgggtgcgccagatgcccgggaaaggcctggagtggatggggaggattgatcctagtgactcttataccaactacagcccgtccttccaaggccacgtcaccatctcagctgacaagtccatcagcactgcctacctgcagtggagcagcctgaaggcctcggacaccgccatgtattactgtgcgaga
IGHV5-10-1*02;gaagtgcagctggtgcagtctggagcagaggtgaaaaagcccggggagtctctgaggatctcctgtaagggttctggatacagctttaccagctactggatcagctgggtgcgccagatgcccgggaaaggcttggagtggatggggaggattgatcctagtgactcttataccaactacagcccgtccttccaaggccacgtcaccatctcagctgacaagtccatcagcactgcctacctgcagtggagcagcctgaaggctcggacaccgccatgtattactgtgcgagaca
IGHV5-10-1*03;gaagtgcagctggtgcagtccggagcagaggtgaaaaagcccggggagtctctgaggatctcctgtaagggttctggatacagctttaccagctactggatcagctgggtgcgccagatgcccgggaaaggcctggagtggatggggaggattgatcctagtgactcttataccaactacagcccgtccttccaaggccacgtcaccatctcagctgacaagtccatcagcactgcctacctgcagtggagcagcctgaaggcctcggacaccgccatgtattactgtgcgaga
IGHV5-10-1*04;gaagtgcagctggtgcagtctggagcagaggtgaaaaagcccggggagtctctgaggatctcctgtaagggttctggatacagctttaccagctactggatcagctgggtgcgccagatgcccgggaaaggcctggagtggatggggaggattgatcctagtgactcttataccaactacagcccgtccttccaaggccaggtcaccatctcagctgacaagtccatcagcactgcctacctgcagtggagcagcctgaaggcctcggacaccgccatgtattactgtgcgaga
IGHV5-51*01;gaggtgcagctggtgcagtctggagcagaggtgaaaaagcccggggagtctctgaagatctcctgtaagggttctggatacagctttaccagctactggatcggctgggtgcgccagatgcccgggaaaggcctggagtggatggggatcatctatcctggtgactctgataccagatacagcccgtccttccaaggccaggtcaccatctcagccgacaagtccatcagcaccgcctacctgcagtggagcagcctgaaggcctcggacaccgccatgtattactgtgcgagaca
IGHV5-51*02;gaggtgcagctggtgcagtctggagcagaggtgaaaaagcccggggagtctctgaagatctcctgtaagggttctggatacagctttaccagctactggaccggctgggtgcgccagatgcccgggaaaggcttggagtggatggggatcatctatcctggtgactctgataccagatacagcccgtccttccaaggccaggtcaccatctcagccgacaagtccatcagcaccgcctacctgcagtggagcagcctgaaggcctcggacaccgccatgtattactgtgcgagaca
IGHV5-51*03;gaggtgcagctggtgcagtctggagcagaggtgaaaaagccgggggagtctctgaagatctcctgtaagggttctggatacagctttaccagctactggatcggctgggtgcgccagatgcccgggaaaggcctggagtggatggggatcatctatcctggtgactctgataccagatacagcccgtccttccaaggccaggtcaccatctcagccgacaagtccatcagcaccgcctacctgcagtggagcagcctgaaggcctcggacaccgccatgtattactgtgcgaga
IGHV5-51*04;gaggtgcagctggtgcagtctggagcagaggtgaaaaagccgggggagtctctgaagatctcctgtaagggttctggatacagctttaccagctactggatcggctgggtgcgccagatgcccgggaaaggcctggagtggatggggatcatctatcctggtgactctgataccagatacagcccgtccttccaaggccaggtcaccatctcagccgacaagcccatcagcaccgcctacctgcagtggagcagcctgaaggcctcggacaccgccatgtattactgtgcgaga
IGHV5-51*05;aaaagcccggggagtctctgaagatctcctgtaagggttctggatacagctttaccagctactggatcggctgggtgcgccagatgcccaggaaaggcctggagtggatggggatcatctatcctggtgactctgataccagatacagcccgtccttccaaggccaggtcaccatctcagccgacaagtccatcagcaccgcctacctgcagtggagcagcctgaaggcctcggacaccgccatg
IGHV6-1*01;caggtacagctgcagcagtcaggtccaggactggtgaagccctcgcagaccctctcactcacctgtgccatctccggggacagtgtctctagcaacagtgctgcttggaactggatcaggcagtccccatcgagaggccttgagtggctgggaaggacatactacaggtccaagtggtataatgattatgcagtatctgtgaaaagtcgaataaccatcaacccagacacatccaagaaccagttctccctgcagctgaactctgtgactcccgaggacacggctgtgtattactgtgcaagaga
IGHV6-1*02;caggtacagctgcagcagtcaggtccgggactggtgaagccctcgcagaccctctcactcacctgtgccatctccggggacagtgtctctagcaacagtgctgcttggaactggatcaggcagtccccatcgagaggccttgagtggctgggaaggacatactacaggtccaagtggtataatgattatgcagtatctgtgaaaagtcgaataaccatcaacccagacacatccaagaaccagttctccctgcagctgaactctgtgactcccgaggacacggctgtgtattactgtgcaagaga
IGHV7-4-1*01;caggtgcagctggtgcaatctgggtctgagttgaagaagcctggggcctcagtgaaggtttcctgcaaggcttctggatacaccttcactagctatgctatgaattgggtgcgacaggcccctggacaagggcttgagtggatgggatggatcaacaccaacactgggaacccaacgtatgcccagggcttcacaggacggtttgtcttctccttggacacctctgtcagcacggcatatctgcagatctgcagcctaaaggctgaggacactgccgtgtattactgtgcgaga
IGHV7-4-1*02;caggtgcagctggtgcaatctgggtctgagttgaagaagcctggggcctcagtgaaggtttcctgcaaggcttctggatacaccttcactagctatgctatgaattgggtgcgacaggcccctggacaagggcttgagtggatgggatggatcaacaccaacactgggaacccaacgtatgcccagggcttcacaggacggtttgtcttctccttggacacctctgtcagcacggcatatctgcagatcagcagcctaaaggctgaggacactgccgtgtattactgtgcgagaga
IGHV7-4-1*03;caggtgcagctggtgcaatctgggtctgagttgaagaagcctggggcctcagtgaaggtttcctgcaaggcttctggatacaccttcactagctatgctatgaattgggtgcgacaggcccctggacaagggcttgagtggatgggatggatcaacaccaacactgggaacccaacgtatgcccagggcttcacaggacggtttgtcttctccttggacacctctgtcagcacggcatatctgcagatcagcacgctaaaggctgaggacactg
IGHV7-4-1*04;caggtgcagctggtgcaatctgggtctgagttgaagaagcctggggcctcagtgaaggtttcctgcaaggcttctggatacaccttcactagctatgctatgaattgggtgcgacaggcccctggacaagggcttgagtggatgggatggatcaacaccaacactgggaacccaacgtatgcccagggcttcacaggacggtttgtcttctccttggacacctctgtcagcatggcatatctgcagatcagcagcctaaaggctgaggacactgccgtgtattactgtgcgagaga
IGHV7-4-1*05;caggtgcagctggtgcaatctgggtctgagttgaagaagcctggggcctcagtgaaggtttcctgcaaggcttctggatacaccttcactagctatgctatgaattgggtgcgacaggcccctggacaagggcttgagtggatgggatggatcaacaccaacactgggaacccaacgtatgcccagggcttcacaggacggtttgtcttctccttggacacctctgtcagcatggcatatctgcagatcagcagcctaaaggctgaggacactgccgtgtgttactgtgcgagaga
